id,date,I,obs
1,2019-04-03 12:00:00,43,
1,2019-04-03 13:00:00,40,
1,2019-04-03 14:00:00,40,
1,2019-04-03 15:00:00,35,
1,2019-04-03 16:00:00,35,
1,2019-04-03 17:00:00,35,
1,2019-04-03 18:00:00,30,
1,2019-04-03 19:00:00,25,
1,2019-04-03 20:00:00,25,
1,2019-04-03 21:00:00,25,
1,2019-04-03 22:00:00,25,
1,2019-04-03 23:00:00,25,
1,2019-04-04 00:00:00,25,
1,2019-04-04 01:00:00,25,
1,2019-04-04 02:00:00,25,
1,2019-04-04 03:00:00,25,
1,2019-04-04 04:00:00,25,
1,2019-04-04 05:00:00,25,
1,2019-04-04 06:00:00,25,
1,2019-04-04 07:00:00,25,
1,2019-04-04 08:00:00,30,
1,2019-04-04 09:00:00,35,
1,2019-04-04 10:00:00,40,
1,2019-04-04 11:00:00,43,
2,2019-04-06 12:00:00,40,
2,2019-04-06 13:00:00,40,
2,2019-04-06 14:00:00,40,
2,2019-04-06 15:00:00,35,
2,2019-04-06 16:00:00,30,
2,2019-04-06 17:00:00,30,
2,2019-04-06 18:00:00,30,
2,2019-04-06 19:00:00,30,
2,2019-04-06 20:00:00,30,
2,2019-04-06 21:00:00,30,
2,2019-04-06 22:00:00,30,
2,2019-04-06 23:00:00,30,
2,2019-04-07 00:00:00,30,
2,2019-04-07 01:00:00,30,
2,2019-04-07 02:00:00,30,
2,2019-04-07 03:00:00,30,
2,2019-04-07 04:00:00,20,
2,2019-04-07 05:00:00,25,
2,2019-04-07 06:00:00,35,
2,2019-04-07 07:00:00,40,
2,2019-04-07 08:00:00,45,
2,2019-04-07 09:00:00,52,
2,2019-04-07 10:00:00,40,
2,2019-04-07 11:00:00,40,
3,2019-04-09 12:00:00,35,
3,2019-04-09 13:00:00,30,
3,2019-04-09 14:00:00,40,
3,2019-04-09 15:00:00,42,
3,2019-04-09 16:00:00,42,
3,2019-04-09 17:00:00,42,
3,2019-04-09 18:00:00,38,
3,2019-04-09 19:00:00,34,
3,2019-04-09 20:00:00,32,
3,2019-04-09 21:00:00,30,
3,2019-04-09 22:00:00,30,
3,2019-04-09 23:00:00,30,
3,2019-04-10 00:00:00,30,
3,2019-04-10 01:00:00,28,
3,2019-04-10 02:00:00,28,
3,2019-04-10 03:00:00,26,
3,2019-04-10 04:00:00,20,
3,2019-04-10 05:00:00,10,
3,2019-04-10 06:00:00,20,
3,2019-04-10 07:00:00,20,
3,2019-04-10 08:00:00,20,
3,2019-04-10 09:00:00,25,
3,2019-04-10 10:00:00,32,
3,2019-04-10 11:00:00,35,
4,2019-04-12 12:00:00,40,
4,2019-04-12 13:00:00,40,
4,2019-04-12 14:00:00,40,
4,2019-04-12 15:00:00,40,
4,2019-04-12 16:00:00,40,
4,2019-04-12 17:00:00,40,
4,2019-04-12 18:00:00,40,
4,2019-04-12 19:00:00,40,
4,2019-04-12 20:00:00,40,
4,2019-04-12 21:00:00,40,
4,2019-04-12 22:00:00,40,
4,2019-04-12 23:00:00,40,
4,2019-04-13 00:00:00,40,
4,2019-04-13 01:00:00,40,
4,2019-04-13 02:00:00,40,
4,2019-04-13 03:00:00,40,
4,2019-04-13 04:00:00,40,
4,2019-04-13 05:00:00,40,
4,2019-04-13 06:00:00,40,
4,2019-04-13 07:00:00,40,
4,2019-04-13 08:00:00,40,
4,2019-04-13 09:00:00,40,
4,2019-04-13 10:00:00,40,
4,2019-04-13 11:00:00,40,
5,2019-04-15 12:00:00,40,
5,2019-04-15 13:00:00,40,
5,2019-04-15 14:00:00,40,
5,2019-04-15 15:00:00,40,
5,2019-04-15 16:00:00,40,
5,2019-04-15 17:00:00,40,
5,2019-04-15 18:00:00,40,
5,2019-04-15 19:00:00,40,
5,2019-04-15 20:00:00,40,
5,2019-04-15 21:00:00,40,
5,2019-04-15 22:00:00,40,
5,2019-04-15 23:00:00,40,
5,2019-04-16 00:00:00,40,
5,2019-04-16 01:00:00,40,
5,2019-04-16 02:00:00,40,
5,2019-04-16 03:00:00,40,
5,2019-04-16 04:00:00,40,
5,2019-04-16 05:00:00,40,
5,2019-04-16 06:00:00,40,
5,2019-04-16 07:00:00,40,
5,2019-04-16 08:00:00,40,
5,2019-04-16 09:00:00,40,
5,2019-04-16 10:00:00,40,
5,2019-04-16 11:00:00,40,
6,2019-04-18 12:00:00,40,
6,2019-04-18 13:00:00,40,
6,2019-04-18 14:00:00,40,
6,2019-04-18 15:00:00,40,
6,2019-04-18 16:00:00,40,
6,2019-04-18 17:00:00,40,
6,2019-04-18 18:00:00,40,
6,2019-04-18 19:00:00,40,
6,2019-04-18 20:00:00,40,
6,2019-04-18 21:00:00,40,
6,2019-04-18 22:00:00,40,
6,2019-04-18 23:00:00,40,
6,2019-04-19 00:00:00,40,
6,2019-04-19 01:00:00,40,
6,2019-04-19 02:00:00,40,
6,2019-04-19 03:00:00,40,
6,2019-04-19 04:00:00,40,
6,2019-04-19 05:00:00,40,
6,2019-04-19 06:00:00,40,
6,2019-04-19 07:00:00,40,
6,2019-04-19 08:00:00,40,
6,2019-04-19 09:00:00,40,
6,2019-04-19 10:00:00,40,
6,2019-04-19 11:00:00,40,
7,2019-04-21 12:00:00,40,
7,2019-04-21 13:00:00,40,
7,2019-04-21 14:00:00,40,
7,2019-04-21 15:00:00,40,
7,2019-04-21 16:00:00,40,
7,2019-04-21 17:00:00,40,
7,2019-04-21 18:00:00,40,
7,2019-04-21 19:00:00,40,
7,2019-04-21 20:00:00,40,
7,2019-04-21 21:00:00,40,
7,2019-04-21 22:00:00,40,
7,2019-04-21 23:00:00,40,
7,2019-04-22 00:00:00,40,
7,2019-04-22 01:00:00,40,
7,2019-04-22 02:00:00,40,
7,2019-04-22 03:00:00,40,
7,2019-04-22 04:00:00,40,
7,2019-04-22 05:00:00,40,
7,2019-04-22 06:00:00,40,
7,2019-04-22 07:00:00,40,
7,2019-04-22 08:00:00,40,
7,2019-04-22 09:00:00,40,
7,2019-04-22 10:00:00,40,
7,2019-04-22 11:00:00,40,
8,2019-04-24 12:00:00,40,
8,2019-04-24 13:00:00,40,
8,2019-04-24 14:00:00,40,
8,2019-04-24 15:00:00,40,
8,2019-04-24 16:00:00,40,
8,2019-04-24 17:00:00,40,
8,2019-04-24 18:00:00,40,
8,2019-04-24 19:00:00,40,
8,2019-04-24 20:00:00,40,
8,2019-04-24 21:00:00,40,
8,2019-04-24 22:00:00,40,
8,2019-04-24 23:00:00,40,
8,2019-04-25 00:00:00,40,
8,2019-04-25 01:00:00,40,
8,2019-04-25 02:00:00,40,
8,2019-04-25 03:00:00,40,
8,2019-04-25 04:00:00,40,
8,2019-04-25 05:00:00,40,
8,2019-04-25 06:00:00,40,
8,2019-04-25 07:00:00,40,
8,2019-04-25 08:00:00,40,
8,2019-04-25 09:00:00,40,
8,2019-04-25 10:00:00,40,
8,2019-04-25 11:00:00,40,
9,2019-04-27 12:00:00,40,
9,2019-04-27 13:00:00,40,
9,2019-04-27 14:00:00,40,
9,2019-04-27 15:00:00,40,
9,2019-04-27 16:00:00,40,
9,2019-04-27 17:00:00,40,
9,2019-04-27 18:00:00,40,
9,2019-04-27 19:00:00,40,
9,2019-04-27 20:00:00,40,
9,2019-04-27 21:00:00,40,
9,2019-04-27 22:00:00,40,
9,2019-04-27 23:00:00,40,
9,2019-04-28 00:00:00,40,
9,2019-04-28 01:00:00,40,
9,2019-04-28 02:00:00,40,
9,2019-04-28 03:00:00,40,
9,2019-04-28 04:00:00,40,
9,2019-04-28 05:00:00,40,
9,2019-04-28 06:00:00,40,
9,2019-04-28 07:00:00,40,
9,2019-04-28 08:00:00,40,
9,2019-04-28 09:00:00,40,
9,2019-04-28 10:00:00,40,
9,2019-04-28 11:00:00,40,
10,2019-04-30 12:00:00,40,
10,2019-04-30 13:00:00,40,
10,2019-04-30 14:00:00,40,
10,2019-04-30 15:00:00,40,
10,2019-04-30 16:00:00,40,
10,2019-04-30 17:00:00,40,
10,2019-04-30 18:00:00,40,
10,2019-04-30 19:00:00,40,
10,2019-04-30 20:00:00,40,
10,2019-04-30 21:00:00,40,
10,2019-04-30 22:00:00,40,
10,2019-04-30 23:00:00,40,
10,2019-05-01 00:00:00,40,
10,2019-05-01 01:00:00,40,
10,2019-05-01 02:00:00,40,
10,2019-05-01 03:00:00,40,
10,2019-05-01 04:00:00,40,
10,2019-05-01 05:00:00,40,
10,2019-05-01 06:00:00,40,
10,2019-05-01 07:00:00,40,
10,2019-05-01 08:00:00,40,
10,2019-05-01 09:00:00,40,
10,2019-05-01 10:00:00,40,
10,2019-05-01 11:00:00,40,
11,2019-05-03 12:00:00,40,
11,2019-05-03 13:00:00,40,
11,2019-05-03 14:00:00,40,
11,2019-05-03 15:00:00,40,
11,2019-05-03 16:00:00,40,
11,2019-05-03 17:00:00,40,
11,2019-05-03 18:00:00,40,
11,2019-05-03 19:00:00,40,
11,2019-05-03 20:00:00,40,
11,2019-05-03 21:00:00,40,
11,2019-05-03 22:00:00,40,
11,2019-05-03 23:00:00,40,
11,2019-05-04 00:00:00,40,
11,2019-05-04 01:00:00,40,
11,2019-05-04 02:00:00,40,
11,2019-05-04 03:00:00,40,
11,2019-05-04 04:00:00,40,
11,2019-05-04 05:00:00,40,
11,2019-05-04 06:00:00,40,
11,2019-05-04 07:00:00,40,
11,2019-05-04 08:00:00,40,
11,2019-05-04 09:00:00,40,
11,2019-05-04 10:00:00,40,
11,2019-05-04 11:00:00,40,
12,2019-05-06 12:00:00,40,
12,2019-05-06 13:00:00,40,
12,2019-05-06 14:00:00,40,
12,2019-05-06 15:00:00,40,
12,2019-05-06 16:00:00,40,
12,2019-05-06 17:00:00,40,
12,2019-05-06 18:00:00,40,
12,2019-05-06 19:00:00,40,
12,2019-05-06 20:00:00,40,
12,2019-05-06 21:00:00,40,
12,2019-05-06 22:00:00,40,
12,2019-05-06 23:00:00,40,
12,2019-05-07 00:00:00,40,
12,2019-05-07 01:00:00,40,
12,2019-05-07 02:00:00,40,
12,2019-05-07 03:00:00,40,
12,2019-05-07 04:00:00,40,
12,2019-05-07 05:00:00,40,
12,2019-05-07 06:00:00,40,
12,2019-05-07 07:00:00,40,
12,2019-05-07 08:00:00,40,
12,2019-05-07 09:00:00,40,
12,2019-05-07 10:00:00,40,
12,2019-05-07 11:00:00,40,
13,2019-05-09 12:00:00,40,
13,2019-05-09 13:00:00,40,
13,2019-05-09 14:00:00,40,
13,2019-05-09 15:00:00,40,
13,2019-05-09 16:00:00,40,
13,2019-05-09 17:00:00,40,
13,2019-05-09 18:00:00,40,
13,2019-05-09 19:00:00,40,
13,2019-05-09 20:00:00,40,
13,2019-05-09 21:00:00,40,
13,2019-05-09 22:00:00,40,
13,2019-05-09 23:00:00,40,
13,2019-05-10 00:00:00,40,
13,2019-05-10 01:00:00,40,
13,2019-05-10 02:00:00,40,
13,2019-05-10 03:00:00,40,
13,2019-05-10 04:00:00,40,
13,2019-05-10 05:00:00,40,
13,2019-05-10 06:00:00,40,
13,2019-05-10 07:00:00,40,
13,2019-05-10 08:00:00,40,
13,2019-05-10 09:00:00,40,
13,2019-05-10 10:00:00,40,
13,2019-05-10 11:00:00,40,
14,2019-05-12 12:00:00,40,
14,2019-05-12 13:00:00,40,
14,2019-05-12 14:00:00,40,
14,2019-05-12 15:00:00,40,
14,2019-05-12 16:00:00,40,
14,2019-05-12 17:00:00,40,
14,2019-05-12 18:00:00,40,
14,2019-05-12 19:00:00,40,
14,2019-05-12 20:00:00,40,
14,2019-05-12 21:00:00,40,
14,2019-05-12 22:00:00,40,
14,2019-05-12 23:00:00,40,
14,2019-05-13 00:00:00,40,
14,2019-05-13 01:00:00,40,
14,2019-05-13 02:00:00,40,
14,2019-05-13 03:00:00,40,
14,2019-05-13 04:00:00,40,
14,2019-05-13 05:00:00,40,
14,2019-05-13 06:00:00,40,
14,2019-05-13 07:00:00,40,
14,2019-05-13 08:00:00,40,
14,2019-05-13 09:00:00,40,
14,2019-05-13 10:00:00,40,
14,2019-05-13 11:00:00,40,
15,2019-05-15 12:00:00,40,
15,2019-05-15 13:00:00,40,
15,2019-05-15 14:00:00,40,
15,2019-05-15 15:00:00,40,
15,2019-05-15 16:00:00,40,
15,2019-05-15 17:00:00,40,
15,2019-05-15 18:00:00,40,
15,2019-05-15 19:00:00,40,
15,2019-05-15 20:00:00,40,
15,2019-05-15 21:00:00,40,
15,2019-05-15 22:00:00,40,
15,2019-05-15 23:00:00,40,
15,2019-05-16 00:00:00,40,
15,2019-05-16 01:00:00,40,
15,2019-05-16 02:00:00,40,
15,2019-05-16 03:00:00,40,
15,2019-05-16 04:00:00,40,
15,2019-05-16 05:00:00,40,
15,2019-05-16 06:00:00,40,
15,2019-05-16 07:00:00,40,
15,2019-05-16 08:00:00,40,
15,2019-05-16 09:00:00,40,
15,2019-05-16 10:00:00,40,
15,2019-05-16 11:00:00,40,
16,2019-05-18 12:00:00,40,
16,2019-05-18 13:00:00,40,
16,2019-05-18 14:00:00,40,
16,2019-05-18 15:00:00,40,
16,2019-05-18 16:00:00,40,
16,2019-05-18 17:00:00,40,
16,2019-05-18 18:00:00,40,
16,2019-05-18 19:00:00,40,
16,2019-05-18 20:00:00,40,
16,2019-05-18 21:00:00,40,
16,2019-05-18 22:00:00,40,
16,2019-05-18 23:00:00,40,
16,2019-05-19 00:00:00,40,
16,2019-05-19 01:00:00,40,
16,2019-05-19 02:00:00,40,
16,2019-05-19 03:00:00,40,
16,2019-05-19 04:00:00,40,
16,2019-05-19 05:00:00,40,
16,2019-05-19 06:00:00,40,
16,2019-05-19 07:00:00,40,
16,2019-05-19 08:00:00,40,
16,2019-05-19 09:00:00,40,
16,2019-05-19 10:00:00,40,
16,2019-05-19 11:00:00,40,
17,2019-05-21 12:00:00,na,
17,2019-05-21 13:00:00,na,
17,2019-05-21 14:00:00,na,
17,2019-05-21 15:00:00,na,
17,2019-05-21 16:00:00,na,
17,2019-05-21 17:00:00,na,
17,2019-05-21 18:00:00,na,
17,2019-05-21 19:00:00,na,
17,2019-05-21 20:00:00,na,
17,2019-05-21 21:00:00,na,
17,2019-05-21 22:00:00,na,
17,2019-05-21 23:00:00,na,
17,2019-05-22 00:00:00,na,
17,2019-05-22 01:00:00,na,
17,2019-05-22 02:00:00,na,
17,2019-05-22 03:00:00,na,
17,2019-05-22 04:00:00,na,
17,2019-05-22 05:00:00,na,
17,2019-05-22 06:00:00,na,
17,2019-05-22 07:00:00,na,
17,2019-05-22 08:00:00,na,
17,2019-05-22 09:00:00,na,
17,2019-05-22 10:00:00,na,
17,2019-05-22 11:00:00,na,
18,2019-05-24 12:00:00,40,
18,2019-05-24 13:00:00,40,
18,2019-05-24 14:00:00,40,
18,2019-05-24 15:00:00,40,
18,2019-05-24 16:00:00,40,
18,2019-05-24 17:00:00,40,
18,2019-05-24 18:00:00,40,
18,2019-05-24 19:00:00,40,
18,2019-05-24 20:00:00,40,
18,2019-05-24 21:00:00,40,
18,2019-05-24 22:00:00,40,
18,2019-05-24 23:00:00,40,
18,2019-05-25 00:00:00,40,
18,2019-05-25 01:00:00,40,
18,2019-05-25 02:00:00,40,
18,2019-05-25 03:00:00,40,
18,2019-05-25 04:00:00,40,
18,2019-05-25 05:00:00,40,
18,2019-05-25 06:00:00,40,
18,2019-05-25 07:00:00,40,
18,2019-05-25 08:00:00,40,
18,2019-05-25 09:00:00,40,
18,2019-05-25 10:00:00,40,
18,2019-05-25 11:00:00,40,
19,2019-05-27 12:00:00,40,
19,2019-05-27 13:00:00,40,
19,2019-05-27 14:00:00,40,
19,2019-05-27 15:00:00,40,
19,2019-05-27 16:00:00,40,
19,2019-05-27 17:00:00,40,
19,2019-05-27 18:00:00,40,
19,2019-05-27 19:00:00,40,
19,2019-05-27 20:00:00,40,
19,2019-05-27 21:00:00,40,
19,2019-05-27 22:00:00,40,
19,2019-05-27 23:00:00,40,
19,2019-05-28 00:00:00,40,
19,2019-05-28 01:00:00,40,
19,2019-05-28 02:00:00,40,
19,2019-05-28 03:00:00,40,
19,2019-05-28 04:00:00,40,
19,2019-05-28 05:00:00,40,
19,2019-05-28 06:00:00,40,
19,2019-05-28 07:00:00,40,
19,2019-05-28 08:00:00,40,
19,2019-05-28 09:00:00,40,
19,2019-05-28 10:00:00,40,
19,2019-05-28 11:00:00,40,
20,2019-05-30 12:00:00,48,
20,2019-05-30 13:00:00,48,
20,2019-05-30 14:00:00,48,
20,2019-05-30 15:00:00,48,
20,2019-05-30 16:00:00,48,
20,2019-05-30 17:00:00,48,
20,2019-05-30 18:00:00,48,
20,2019-05-30 19:00:00,48,
20,2019-05-30 20:00:00,48,
20,2019-05-30 21:00:00,48,
20,2019-05-30 22:00:00,48,
20,2019-05-30 23:00:00,48,
20,2019-05-31 00:00:00,48,
20,2019-05-31 01:00:00,48,
20,2019-05-31 02:00:00,48,
20,2019-05-31 03:00:00,48,
20,2019-05-31 04:00:00,48,
20,2019-05-31 05:00:00,48,
20,2019-05-31 06:00:00,48,
20,2019-05-31 07:00:00,48,
20,2019-05-31 08:00:00,48,
20,2019-05-31 09:00:00,48,
20,2019-05-31 10:00:00,48,
20,2019-05-31 11:00:00,48,
21,2019-06-02 12:00:00,42,
21,2019-06-02 13:00:00,42,
21,2019-06-02 14:00:00,42,
21,2019-06-02 15:00:00,42,
21,2019-06-02 16:00:00,42,
21,2019-06-02 17:00:00,42,
21,2019-06-02 18:00:00,42,
21,2019-06-02 19:00:00,42,
21,2019-06-02 20:00:00,42,
21,2019-06-02 21:00:00,42,
21,2019-06-02 22:00:00,42,
21,2019-06-02 23:00:00,42,
21,2019-06-03 00:00:00,42,
21,2019-06-03 01:00:00,42,
21,2019-06-03 02:00:00,42,
21,2019-06-03 03:00:00,42,
21,2019-06-03 04:00:00,42,
21,2019-06-03 05:00:00,42,
21,2019-06-03 06:00:00,42,
21,2019-06-03 07:00:00,42,
21,2019-06-03 08:00:00,42,
21,2019-06-03 09:00:00,42,
21,2019-06-03 10:00:00,42,
21,2019-06-03 11:00:00,42,
22,2019-06-05 12:00:00,na,
22,2019-06-05 13:00:00,na,
22,2019-06-05 14:00:00,na,
22,2019-06-05 15:00:00,na,
22,2019-06-05 16:00:00,na,
22,2019-06-05 17:00:00,na,
22,2019-06-05 18:00:00,na,
22,2019-06-05 19:00:00,na,
22,2019-06-05 20:00:00,na,
22,2019-06-05 21:00:00,na,
22,2019-06-05 22:00:00,na,
22,2019-06-05 23:00:00,na,
22,2019-06-06 00:00:00,na,
22,2019-06-06 01:00:00,na,
22,2019-06-06 02:00:00,na,
22,2019-06-06 03:00:00,na,
22,2019-06-06 04:00:00,na,
22,2019-06-06 05:00:00,na,
22,2019-06-06 06:00:00,na,
22,2019-06-06 07:00:00,na,
22,2019-06-06 08:00:00,na,
22,2019-06-06 09:00:00,na,
22,2019-06-06 10:00:00,na,
22,2019-06-06 11:00:00,na,
23,2019-06-08 12:00:00,na,
23,2019-06-08 13:00:00,na,
23,2019-06-08 14:00:00,na,
23,2019-06-08 15:00:00,na,
23,2019-06-08 16:00:00,na,
23,2019-06-08 17:00:00,na,
23,2019-06-08 18:00:00,na,
23,2019-06-08 19:00:00,na,
23,2019-06-08 20:00:00,na,
23,2019-06-08 21:00:00,na,
23,2019-06-08 22:00:00,na,
23,2019-06-08 23:00:00,na,
23,2019-06-09 00:00:00,na,
23,2019-06-09 01:00:00,na,
23,2019-06-09 02:00:00,na,
23,2019-06-09 03:00:00,na,
23,2019-06-09 04:00:00,na,
23,2019-06-09 05:00:00,na,
23,2019-06-09 06:00:00,na,
23,2019-06-09 07:00:00,na,
23,2019-06-09 08:00:00,na,
23,2019-06-09 09:00:00,na,
23,2019-06-09 10:00:00,na,
23,2019-06-09 11:00:00,na,
24,2019-06-11 12:00:00,40,
24,2019-06-11 13:00:00,40,
24,2019-06-11 14:00:00,40,
24,2019-06-11 15:00:00,40,
24,2019-06-11 16:00:00,40,
24,2019-06-11 17:00:00,40,
24,2019-06-11 18:00:00,40,
24,2019-06-11 19:00:00,40,
24,2019-06-11 20:00:00,40,
24,2019-06-11 21:00:00,40,
24,2019-06-11 22:00:00,40,
24,2019-06-11 23:00:00,40,
24,2019-06-12 00:00:00,40,
24,2019-06-12 01:00:00,40,
24,2019-06-12 02:00:00,40,
24,2019-06-12 03:00:00,40,
24,2019-06-12 04:00:00,40,
24,2019-06-12 05:00:00,40,
24,2019-06-12 06:00:00,40,
24,2019-06-12 07:00:00,40,
24,2019-06-12 08:00:00,40,
24,2019-06-12 09:00:00,40,
24,2019-06-12 10:00:00,40,
24,2019-06-12 11:00:00,40,
25,2019-06-14 12:00:00,42,
25,2019-06-14 13:00:00,42,
25,2019-06-14 14:00:00,42,
25,2019-06-14 15:00:00,42,
25,2019-06-14 16:00:00,42,
25,2019-06-14 17:00:00,42,
25,2019-06-14 18:00:00,42,
25,2019-06-14 19:00:00,42,
25,2019-06-14 20:00:00,42,
25,2019-06-14 21:00:00,42,
25,2019-06-14 22:00:00,42,
25,2019-06-14 23:00:00,42,
25,2019-06-15 00:00:00,42,
25,2019-06-15 01:00:00,42,
25,2019-06-15 02:00:00,42,
25,2019-06-15 03:00:00,42,
25,2019-06-15 04:00:00,42,
25,2019-06-15 05:00:00,42,
25,2019-06-15 06:00:00,42,
25,2019-06-15 07:00:00,42,
25,2019-06-15 08:00:00,42,
25,2019-06-15 09:00:00,42,
25,2019-06-15 10:00:00,42,
25,2019-06-15 11:00:00,42,
26,2019-06-17 12:00:00,44,
26,2019-06-17 13:00:00,44,
26,2019-06-17 14:00:00,44,
26,2019-06-17 15:00:00,44,
26,2019-06-17 16:00:00,44,
26,2019-06-17 17:00:00,44,
26,2019-06-17 18:00:00,44,
26,2019-06-17 19:00:00,44,
26,2019-06-17 20:00:00,44,
26,2019-06-17 21:00:00,44,
26,2019-06-17 22:00:00,44,
26,2019-06-17 23:00:00,44,
26,2019-06-18 00:00:00,44,
26,2019-06-18 01:00:00,44,
26,2019-06-18 02:00:00,44,
26,2019-06-18 03:00:00,44,
26,2019-06-18 04:00:00,44,
26,2019-06-18 05:00:00,44,
26,2019-06-18 06:00:00,44,
26,2019-06-18 07:00:00,44,
26,2019-06-18 08:00:00,44,
26,2019-06-18 09:00:00,44,
26,2019-06-18 10:00:00,44,
26,2019-06-18 11:00:00,44,
27,2019-06-20 12:00:00,40,
27,2019-06-20 13:00:00,40,
27,2019-06-20 14:00:00,40,
27,2019-06-20 15:00:00,40,
27,2019-06-20 16:00:00,40,
27,2019-06-20 17:00:00,40,
27,2019-06-20 18:00:00,40,
27,2019-06-20 19:00:00,40,
27,2019-06-20 20:00:00,40,
27,2019-06-20 21:00:00,40,
27,2019-06-20 22:00:00,40,
27,2019-06-20 23:00:00,40,
27,2019-06-21 00:00:00,40,
27,2019-06-21 01:00:00,40,
27,2019-06-21 02:00:00,40,
27,2019-06-21 03:00:00,40,
27,2019-06-21 04:00:00,40,
27,2019-06-21 05:00:00,40,
27,2019-06-21 06:00:00,40,
27,2019-06-21 07:00:00,40,
27,2019-06-21 08:00:00,40,
27,2019-06-21 09:00:00,40,
27,2019-06-21 10:00:00,40,
27,2019-06-21 11:00:00,40,
28,2019-06-23 12:00:00,45,
28,2019-06-23 13:00:00,45,
28,2019-06-23 14:00:00,0,
28,2019-06-23 15:00:00,42,
28,2019-06-23 16:00:00,42,
28,2019-06-23 17:00:00,42,
28,2019-06-23 18:00:00,40,
28,2019-06-23 19:00:00,40,
28,2019-06-23 20:00:00,40,
28,2019-06-23 21:00:00,40,
28,2019-06-23 22:00:00,40,
28,2019-06-23 23:00:00,40,
28,2019-06-24 00:00:00,40,
28,2019-06-24 01:00:00,40,
28,2019-06-24 02:00:00,40,
28,2019-06-24 03:00:00,40,
28,2019-06-24 04:00:00,40,
28,2019-06-24 05:00:00,40,
28,2019-06-24 06:00:00,40,
28,2019-06-24 07:00:00,40,
28,2019-06-24 08:00:00,40,
28,2019-06-24 09:00:00,40,
28,2019-06-24 10:00:00,40,
28,2019-06-24 11:00:00,40,
29,2019-06-26 12:00:00,40,
29,2019-06-26 13:00:00,40,
29,2019-06-26 14:00:00,40,
29,2019-06-26 15:00:00,40,
29,2019-06-26 16:00:00,40,
29,2019-06-26 17:00:00,40,
29,2019-06-26 18:00:00,40,
29,2019-06-26 19:00:00,40,
29,2019-06-26 20:00:00,40,
29,2019-06-26 21:00:00,40,
29,2019-06-26 22:00:00,40,
29,2019-06-26 23:00:00,40,
29,2019-06-27 00:00:00,40,
29,2019-06-27 01:00:00,40,
29,2019-06-27 02:00:00,40,
29,2019-06-27 03:00:00,40,
29,2019-06-27 04:00:00,40,
29,2019-06-27 05:00:00,40,
29,2019-06-27 06:00:00,40,
29,2019-06-27 07:00:00,40,
29,2019-06-27 08:00:00,40,
29,2019-06-27 09:00:00,40,
29,2019-06-27 10:00:00,40,
29,2019-06-27 11:00:00,40,
30,2019-06-29 12:00:00,42,
30,2019-06-29 13:00:00,42,
30,2019-06-29 14:00:00,42,
30,2019-06-29 15:00:00,42,
30,2019-06-29 16:00:00,42,
30,2019-06-29 17:00:00,42,
30,2019-06-29 18:00:00,42,
30,2019-06-29 19:00:00,42,
30,2019-06-29 20:00:00,42,
30,2019-06-29 21:00:00,42,
30,2019-06-29 22:00:00,42,
30,2019-06-29 23:00:00,42,
30,2019-06-30 00:00:00,42,
30,2019-06-30 01:00:00,42,
30,2019-06-30 02:00:00,42,
30,2019-06-30 03:00:00,42,
30,2019-06-30 04:00:00,42,
30,2019-06-30 05:00:00,42,
30,2019-06-30 06:00:00,42,
30,2019-06-30 07:00:00,42,
30,2019-06-30 08:00:00,42,
30,2019-06-30 09:00:00,42,
30,2019-06-30 10:00:00,42,
30,2019-06-30 11:00:00,42,
31,2019-07-02 12:00:00,na,
31,2019-07-02 13:00:00,na,
31,2019-07-02 14:00:00,na,
31,2019-07-02 15:00:00,na,
31,2019-07-02 16:00:00,na,
31,2019-07-02 17:00:00,na,
31,2019-07-02 18:00:00,na,
31,2019-07-02 19:00:00,na,
31,2019-07-02 20:00:00,na,
31,2019-07-02 21:00:00,na,
31,2019-07-02 22:00:00,na,
31,2019-07-02 23:00:00,na,
31,2019-07-03 00:00:00,na,
31,2019-07-03 01:00:00,na,
31,2019-07-03 02:00:00,na,
31,2019-07-03 03:00:00,na,
31,2019-07-03 04:00:00,na,
31,2019-07-03 05:00:00,na,
31,2019-07-03 06:00:00,na,
31,2019-07-03 07:00:00,na,
31,2019-07-03 08:00:00,na,
31,2019-07-03 09:00:00,na,
31,2019-07-03 10:00:00,na,
31,2019-07-03 11:00:00,na,
32,2019-07-05 12:00:00,40,
32,2019-07-05 13:00:00,40,
32,2019-07-05 14:00:00,40,
32,2019-07-05 15:00:00,40,
32,2019-07-05 16:00:00,40,
32,2019-07-05 17:00:00,40,
32,2019-07-05 18:00:00,40,
32,2019-07-05 19:00:00,40,
32,2019-07-05 20:00:00,40,
32,2019-07-05 21:00:00,40,
32,2019-07-05 22:00:00,40,
32,2019-07-05 23:00:00,40,
32,2019-07-06 00:00:00,40,
32,2019-07-06 01:00:00,40,
32,2019-07-06 02:00:00,40,
32,2019-07-06 03:00:00,40,
32,2019-07-06 04:00:00,40,
32,2019-07-06 05:00:00,40,
32,2019-07-06 06:00:00,40,
32,2019-07-06 07:00:00,40,
32,2019-07-06 08:00:00,40,
32,2019-07-06 09:00:00,40,
32,2019-07-06 10:00:00,40,
32,2019-07-06 11:00:00,40,
33,2019-07-08 12:00:00,39,
33,2019-07-08 13:00:00,39,
33,2019-07-08 14:00:00,39,
33,2019-07-08 15:00:00,39,
33,2019-07-08 16:00:00,39,
33,2019-07-08 17:00:00,39,
33,2019-07-08 18:00:00,39,
33,2019-07-08 19:00:00,39,
33,2019-07-08 20:00:00,39,
33,2019-07-08 21:00:00,39,
33,2019-07-08 22:00:00,39,
33,2019-07-08 23:00:00,39,
33,2019-07-09 00:00:00,39,
33,2019-07-09 01:00:00,39,
33,2019-07-09 02:00:00,39,
33,2019-07-09 03:00:00,39,
33,2019-07-09 04:00:00,39,
33,2019-07-09 05:00:00,39,
33,2019-07-09 06:00:00,39,
33,2019-07-09 07:00:00,39,
33,2019-07-09 08:00:00,39,
33,2019-07-09 09:00:00,39,
33,2019-07-09 10:00:00,39,
33,2019-07-09 11:00:00,39,
34,2019-07-11 12:00:00,40,
34,2019-07-11 13:00:00,40,
34,2019-07-11 14:00:00,40,
34,2019-07-11 15:00:00,40,
34,2019-07-11 16:00:00,40,
34,2019-07-11 17:00:00,40,
34,2019-07-11 18:00:00,40,
34,2019-07-11 19:00:00,40,
34,2019-07-11 20:00:00,40,
34,2019-07-11 21:00:00,40,
34,2019-07-11 22:00:00,40,
34,2019-07-11 23:00:00,40,
34,2019-07-12 00:00:00,40,
34,2019-07-12 01:00:00,40,
34,2019-07-12 02:00:00,40,
34,2019-07-12 03:00:00,40,
34,2019-07-12 04:00:00,40,
34,2019-07-12 05:00:00,40,
34,2019-07-12 06:00:00,40,
34,2019-07-12 07:00:00,40,
34,2019-07-12 08:00:00,40,
34,2019-07-12 09:00:00,40,
34,2019-07-12 10:00:00,40,
34,2019-07-12 11:00:00,40,
35,2019-07-14 12:00:00,40,
35,2019-07-14 13:00:00,40,
35,2019-07-14 14:00:00,40,
35,2019-07-14 15:00:00,40,
35,2019-07-14 16:00:00,40,
35,2019-07-14 17:00:00,40,
35,2019-07-14 18:00:00,40,
35,2019-07-14 19:00:00,40,
35,2019-07-14 20:00:00,40,
35,2019-07-14 21:00:00,40,
35,2019-07-14 22:00:00,40,
35,2019-07-14 23:00:00,40,
35,2019-07-15 00:00:00,40,
35,2019-07-15 01:00:00,40,
35,2019-07-15 02:00:00,40,
35,2019-07-15 03:00:00,40,
35,2019-07-15 04:00:00,40,
35,2019-07-15 05:00:00,40,
35,2019-07-15 06:00:00,40,
35,2019-07-15 07:00:00,40,
35,2019-07-15 08:00:00,40,
35,2019-07-15 09:00:00,40,
35,2019-07-15 10:00:00,40,
35,2019-07-15 11:00:00,40,
36,2019-07-17 12:00:00,40,
36,2019-07-17 13:00:00,40,
36,2019-07-17 14:00:00,40,
36,2019-07-17 15:00:00,40,
36,2019-07-17 16:00:00,40,
36,2019-07-17 17:00:00,40,
36,2019-07-17 18:00:00,40,
36,2019-07-17 19:00:00,40,
36,2019-07-17 20:00:00,40,
36,2019-07-17 21:00:00,40,
36,2019-07-17 22:00:00,40,
36,2019-07-17 23:00:00,40,
36,2019-07-18 00:00:00,40,
36,2019-07-18 01:00:00,40,
36,2019-07-18 02:00:00,40,
36,2019-07-18 03:00:00,40,
36,2019-07-18 04:00:00,40,
36,2019-07-18 05:00:00,40,
36,2019-07-18 06:00:00,40,
36,2019-07-18 07:00:00,40,
36,2019-07-18 08:00:00,40,
36,2019-07-18 09:00:00,40,
36,2019-07-18 10:00:00,40,
36,2019-07-18 11:00:00,40,
37,2019-07-20 12:00:00,40,
37,2019-07-20 13:00:00,40,
37,2019-07-20 14:00:00,40,
37,2019-07-20 15:00:00,40,
37,2019-07-20 16:00:00,40,
37,2019-07-20 17:00:00,40,
37,2019-07-20 18:00:00,40,
37,2019-07-20 19:00:00,40,
37,2019-07-20 20:00:00,40,
37,2019-07-20 21:00:00,40,
37,2019-07-20 22:00:00,40,
37,2019-07-20 23:00:00,40,
37,2019-07-21 00:00:00,40,
37,2019-07-21 01:00:00,40,
37,2019-07-21 02:00:00,40,
37,2019-07-21 03:00:00,40,
37,2019-07-21 04:00:00,40,
37,2019-07-21 05:00:00,40,
37,2019-07-21 06:00:00,40,
37,2019-07-21 07:00:00,40,
37,2019-07-21 08:00:00,40,
37,2019-07-21 09:00:00,40,
37,2019-07-21 10:00:00,40,
37,2019-07-21 11:00:00,40,
38,2019-07-23 12:00:00,45,
38,2019-07-23 13:00:00,45,
38,2019-07-23 14:00:00,46,
38,2019-07-23 15:00:00,46,
38,2019-07-23 16:00:00,46,
38,2019-07-23 17:00:00,46,
38,2019-07-23 18:00:00,46,
38,2019-07-23 19:00:00,46,
38,2019-07-23 20:00:00,48,
38,2019-07-23 21:00:00,46,
38,2019-07-23 22:00:00,46,
38,2019-07-23 23:00:00,46,
38,2019-07-24 00:00:00,46,
38,2019-07-24 01:00:00,46,
38,2019-07-24 02:00:00,46,
38,2019-07-24 03:00:00,46,
38,2019-07-24 04:00:00,46,
38,2019-07-24 05:00:00,46,
38,2019-07-24 06:00:00,46,
38,2019-07-24 07:00:00,46,
38,2019-07-24 08:00:00,46,
38,2019-07-24 09:00:00,46,
38,2019-07-24 10:00:00,46,
38,2019-07-24 11:00:00,46,
39,2019-07-26 12:00:00,42,
39,2019-07-26 13:00:00,42,
39,2019-07-26 14:00:00,42,
39,2019-07-26 15:00:00,42,
39,2019-07-26 16:00:00,42,
39,2019-07-26 17:00:00,42,
39,2019-07-26 18:00:00,42,
39,2019-07-26 19:00:00,42,
39,2019-07-26 20:00:00,42,
39,2019-07-26 21:00:00,42,
39,2019-07-26 22:00:00,42,
39,2019-07-26 23:00:00,42,
39,2019-07-27 00:00:00,42,
39,2019-07-27 01:00:00,42,
39,2019-07-27 02:00:00,42,
39,2019-07-27 03:00:00,42,
39,2019-07-27 04:00:00,42,
39,2019-07-27 05:00:00,42,
39,2019-07-27 06:00:00,42,
39,2019-07-27 07:00:00,42,
39,2019-07-27 08:00:00,42,
39,2019-07-27 09:00:00,40,
39,2019-07-27 10:00:00,40,
39,2019-07-27 11:00:00,40,
40,2019-07-29 12:00:00,40,
40,2019-07-29 13:00:00,40,
40,2019-07-29 14:00:00,40,
40,2019-07-29 15:00:00,40,
40,2019-07-29 16:00:00,40,
40,2019-07-29 17:00:00,40,
40,2019-07-29 18:00:00,40,
40,2019-07-29 19:00:00,40,
40,2019-07-29 20:00:00,40,
40,2019-07-29 21:00:00,40,
40,2019-07-29 22:00:00,40,
40,2019-07-29 23:00:00,40,
40,2019-07-30 00:00:00,40,
40,2019-07-30 01:00:00,40,
40,2019-07-30 02:00:00,40,
40,2019-07-30 03:00:00,40,
40,2019-07-30 04:00:00,40,
40,2019-07-30 05:00:00,40,
40,2019-07-30 06:00:00,40,
40,2019-07-30 07:00:00,40,
40,2019-07-30 08:00:00,40,
40,2019-07-30 09:00:00,40,
40,2019-07-30 10:00:00,40,
40,2019-07-30 11:00:00,40,
41,2019-08-01 12:00:00,15,
41,2019-08-01 13:00:00,15,
41,2019-08-01 14:00:00,15,
41,2019-08-01 15:00:00,44,
41,2019-08-01 16:00:00,44,
41,2019-08-01 17:00:00,46,
41,2019-08-01 18:00:00,46,
41,2019-08-01 19:00:00,42,
41,2019-08-01 20:00:00,44,
41,2019-08-01 21:00:00,44,
41,2019-08-01 22:00:00,44,
41,2019-08-01 23:00:00,44,
41,2019-08-02 00:00:00,44,
41,2019-08-02 01:00:00,44,
41,2019-08-02 02:00:00,44,
41,2019-08-02 03:00:00,44,
41,2019-08-02 04:00:00,44,
41,2019-08-02 05:00:00,44,
41,2019-08-02 06:00:00,44,
41,2019-08-02 07:00:00,44,
41,2019-08-02 08:00:00,44,
41,2019-08-02 09:00:00,44,
41,2019-08-02 10:00:00,44,
41,2019-08-02 11:00:00,44,
42,2019-08-04 12:00:00,40,
42,2019-08-04 13:00:00,40,
42,2019-08-04 14:00:00,40,
42,2019-08-04 15:00:00,40,
42,2019-08-04 16:00:00,40,
42,2019-08-04 17:00:00,40,
42,2019-08-04 18:00:00,40,
42,2019-08-04 19:00:00,40,
42,2019-08-04 20:00:00,40,
42,2019-08-04 21:00:00,40,
42,2019-08-04 22:00:00,40,
42,2019-08-04 23:00:00,40,
42,2019-08-05 00:00:00,40,
42,2019-08-05 01:00:00,40,
42,2019-08-05 02:00:00,40,
42,2019-08-05 03:00:00,40,
42,2019-08-05 04:00:00,40,
42,2019-08-05 05:00:00,40,
42,2019-08-05 06:00:00,40,
42,2019-08-05 07:00:00,40,
42,2019-08-05 08:00:00,40,
42,2019-08-05 09:00:00,40,
42,2019-08-05 10:00:00,40,
42,2019-08-05 11:00:00,40,
43,2019-08-07 12:00:00,44,
43,2019-08-07 13:00:00,44,
43,2019-08-07 14:00:00,44,
43,2019-08-07 15:00:00,44,
43,2019-08-07 16:00:00,44,
43,2019-08-07 17:00:00,44,
43,2019-08-07 18:00:00,44,
43,2019-08-07 19:00:00,44,
43,2019-08-07 20:00:00,44,
43,2019-08-07 21:00:00,44,
43,2019-08-07 22:00:00,44,
43,2019-08-07 23:00:00,44,
43,2019-08-08 00:00:00,44,
43,2019-08-08 01:00:00,44,
43,2019-08-08 02:00:00,44,
43,2019-08-08 03:00:00,44,
43,2019-08-08 04:00:00,44,
43,2019-08-08 05:00:00,44,
43,2019-08-08 06:00:00,44,
43,2019-08-08 07:00:00,44,
43,2019-08-08 08:00:00,44,
43,2019-08-08 09:00:00,44,
43,2019-08-08 10:00:00,44,
43,2019-08-08 11:00:00,44,
44,2019-08-10 12:00:00,40,
44,2019-08-10 13:00:00,40,
44,2019-08-10 14:00:00,40,
44,2019-08-10 15:00:00,40,
44,2019-08-10 16:00:00,40,
44,2019-08-10 17:00:00,40,
44,2019-08-10 18:00:00,40,
44,2019-08-10 19:00:00,40,
44,2019-08-10 20:00:00,40,
44,2019-08-10 21:00:00,40,
44,2019-08-10 22:00:00,40,
44,2019-08-10 23:00:00,40,
44,2019-08-11 00:00:00,40,
44,2019-08-11 01:00:00,40,
44,2019-08-11 02:00:00,40,
44,2019-08-11 03:00:00,40,
44,2019-08-11 04:00:00,40,
44,2019-08-11 05:00:00,40,
44,2019-08-11 06:00:00,40,
44,2019-08-11 07:00:00,40,
44,2019-08-11 08:00:00,40,
44,2019-08-11 09:00:00,40,
44,2019-08-11 10:00:00,40,
44,2019-08-11 11:00:00,40,
45,2019-08-13 12:00:00,40,
45,2019-08-13 13:00:00,40,
45,2019-08-13 14:00:00,40,
45,2019-08-13 15:00:00,40,
45,2019-08-13 16:00:00,40,
45,2019-08-13 17:00:00,40,
45,2019-08-13 18:00:00,40,
45,2019-08-13 19:00:00,40,
45,2019-08-13 20:00:00,40,
45,2019-08-13 21:00:00,40,
45,2019-08-13 22:00:00,40,
45,2019-08-13 23:00:00,40,
45,2019-08-14 00:00:00,40,
45,2019-08-14 01:00:00,40,
45,2019-08-14 02:00:00,40,
45,2019-08-14 03:00:00,40,
45,2019-08-14 04:00:00,40,
45,2019-08-14 05:00:00,40,
45,2019-08-14 06:00:00,40,
45,2019-08-14 07:00:00,40,
45,2019-08-14 08:00:00,40,
45,2019-08-14 09:00:00,40,
45,2019-08-14 10:00:00,40,
45,2019-08-14 11:00:00,40,
46,2019-08-16 12:00:00,44,
46,2019-08-16 13:00:00,44,
46,2019-08-16 14:00:00,44,
46,2019-08-16 15:00:00,44,
46,2019-08-16 16:00:00,44,
46,2019-08-16 17:00:00,44,
46,2019-08-16 18:00:00,44,
46,2019-08-16 19:00:00,44,
46,2019-08-16 20:00:00,44,
46,2019-08-16 21:00:00,44,
46,2019-08-16 22:00:00,44,
46,2019-08-16 23:00:00,44,
46,2019-08-17 00:00:00,44,
46,2019-08-17 01:00:00,43,
46,2019-08-17 02:00:00,43,
46,2019-08-17 03:00:00,43,
46,2019-08-17 04:00:00,43,
46,2019-08-17 05:00:00,43,
46,2019-08-17 06:00:00,43,
46,2019-08-17 07:00:00,43,
46,2019-08-17 08:00:00,43,
46,2019-08-17 09:00:00,43,
46,2019-08-17 10:00:00,43,
46,2019-08-17 11:00:00,43,
47,2019-08-19 12:00:00,44,
47,2019-08-19 13:00:00,44,
47,2019-08-19 14:00:00,44,
47,2019-08-19 15:00:00,44,
47,2019-08-19 16:00:00,44,
47,2019-08-19 17:00:00,44,
47,2019-08-19 18:00:00,44,
47,2019-08-19 19:00:00,44,
47,2019-08-19 20:00:00,44,
47,2019-08-19 21:00:00,44,
47,2019-08-19 22:00:00,44,
47,2019-08-19 23:00:00,44,
47,2019-08-20 00:00:00,44,
47,2019-08-20 01:00:00,44,
47,2019-08-20 02:00:00,44,
47,2019-08-20 03:00:00,44,
47,2019-08-20 04:00:00,44,
47,2019-08-20 05:00:00,44,
47,2019-08-20 06:00:00,44,
47,2019-08-20 07:00:00,44,
47,2019-08-20 08:00:00,44,
47,2019-08-20 09:00:00,44,
47,2019-08-20 10:00:00,44,
47,2019-08-20 11:00:00,44,
48,2019-08-22 12:00:00,45,
48,2019-08-22 13:00:00,45,
48,2019-08-22 14:00:00,45,
48,2019-08-22 15:00:00,45,
48,2019-08-22 16:00:00,45,
48,2019-08-22 17:00:00,45,
48,2019-08-22 18:00:00,45,
48,2019-08-22 19:00:00,45,
48,2019-08-22 20:00:00,45,
48,2019-08-22 21:00:00,45,
48,2019-08-22 22:00:00,45,
48,2019-08-22 23:00:00,45,
48,2019-08-23 00:00:00,45,
48,2019-08-23 01:00:00,45,
48,2019-08-23 02:00:00,45,
48,2019-08-23 03:00:00,45,
48,2019-08-23 04:00:00,45,
48,2019-08-23 05:00:00,45,
48,2019-08-23 06:00:00,45,
48,2019-08-23 07:00:00,45,
48,2019-08-23 08:00:00,45,
48,2019-08-23 09:00:00,45,
48,2019-08-23 10:00:00,45,
48,2019-08-23 11:00:00,45,
49,2019-08-25 12:00:00,50,
49,2019-08-25 13:00:00,50,
49,2019-08-25 14:00:00,50,
49,2019-08-25 15:00:00,50,
49,2019-08-25 16:00:00,50,
49,2019-08-25 17:00:00,50,
49,2019-08-25 18:00:00,50,
49,2019-08-25 19:00:00,50,
49,2019-08-25 20:00:00,50,
49,2019-08-25 21:00:00,50,
49,2019-08-25 22:00:00,50,
49,2019-08-25 23:00:00,50,
49,2019-08-26 00:00:00,50,
49,2019-08-26 01:00:00,50,
49,2019-08-26 02:00:00,50,
49,2019-08-26 03:00:00,50,
49,2019-08-26 04:00:00,50,
49,2019-08-26 05:00:00,50,
49,2019-08-26 06:00:00,50,
49,2019-08-26 07:00:00,50,
49,2019-08-26 08:00:00,50,
49,2019-08-26 09:00:00,50,
49,2019-08-26 10:00:00,50,
49,2019-08-26 11:00:00,50,
50,2019-08-28 12:00:00,48,
50,2019-08-28 13:00:00,48,
50,2019-08-28 14:00:00,48,
50,2019-08-28 15:00:00,48,
50,2019-08-28 16:00:00,48,
50,2019-08-28 17:00:00,48,
50,2019-08-28 18:00:00,48,
50,2019-08-28 19:00:00,48,
50,2019-08-28 20:00:00,48,
50,2019-08-28 21:00:00,48,
50,2019-08-28 22:00:00,48,
50,2019-08-28 23:00:00,48,
50,2019-08-29 00:00:00,48,
50,2019-08-29 01:00:00,48,
50,2019-08-29 02:00:00,48,
50,2019-08-29 03:00:00,48,
50,2019-08-29 04:00:00,48,
50,2019-08-29 05:00:00,48,
50,2019-08-29 06:00:00,48,
50,2019-08-29 07:00:00,48,
50,2019-08-29 08:00:00,48,
50,2019-08-29 09:00:00,48,
50,2019-08-29 10:00:00,48,
50,2019-08-29 11:00:00,48,
51,2019-08-31 12:00:00,42,
51,2019-08-31 13:00:00,42,
51,2019-08-31 14:00:00,42,
51,2019-08-31 15:00:00,42,
51,2019-08-31 16:00:00,42,
51,2019-08-31 17:00:00,42,
51,2019-08-31 18:00:00,42,
51,2019-08-31 19:00:00,42,
51,2019-08-31 20:00:00,42,
51,2019-08-31 21:00:00,42,
51,2019-08-31 22:00:00,42,
51,2019-08-31 23:00:00,42,
51,2019-09-01 00:00:00,42,
51,2019-09-01 01:00:00,42,
51,2019-09-01 02:00:00,42,
51,2019-09-01 03:00:00,42,
51,2019-09-01 04:00:00,42,
51,2019-09-01 05:00:00,42,
51,2019-09-01 06:00:00,42,
51,2019-09-01 07:00:00,42,
51,2019-09-01 08:00:00,42,
51,2019-09-01 09:00:00,42,
51,2019-09-01 10:00:00,42,
51,2019-09-01 11:00:00,42,
52,2019-09-03 12:00:00,38,
52,2019-09-03 13:00:00,38,
52,2019-09-03 14:00:00,38,
52,2019-09-03 15:00:00,40,
52,2019-09-03 16:00:00,42,
52,2019-09-03 17:00:00,42,
52,2019-09-03 18:00:00,42,
52,2019-09-03 19:00:00,42,
52,2019-09-03 20:00:00,42,
52,2019-09-03 21:00:00,42,
52,2019-09-03 22:00:00,42,
52,2019-09-03 23:00:00,42,
52,2019-09-04 00:00:00,42,
52,2019-09-04 01:00:00,42,
52,2019-09-04 02:00:00,42,
52,2019-09-04 03:00:00,42,
52,2019-09-04 04:00:00,42,
52,2019-09-04 05:00:00,42,
52,2019-09-04 06:00:00,42,
52,2019-09-04 07:00:00,42,
52,2019-09-04 08:00:00,42,
52,2019-09-04 09:00:00,42,
52,2019-09-04 10:00:00,42,
52,2019-09-04 11:00:00,42,
53,2019-09-06 12:00:00,44,
53,2019-09-06 13:00:00,44,
53,2019-09-06 14:00:00,44,
53,2019-09-06 15:00:00,44,
53,2019-09-06 16:00:00,44,
53,2019-09-06 17:00:00,44,
53,2019-09-06 18:00:00,44,
53,2019-09-06 19:00:00,44,
53,2019-09-06 20:00:00,44,
53,2019-09-06 21:00:00,44,
53,2019-09-06 22:00:00,44,
53,2019-09-06 23:00:00,44,
53,2019-09-07 00:00:00,44,
53,2019-09-07 01:00:00,44,
53,2019-09-07 02:00:00,44,
53,2019-09-07 03:00:00,44,
53,2019-09-07 04:00:00,44,
53,2019-09-07 05:00:00,44,
53,2019-09-07 06:00:00,44,
53,2019-09-07 07:00:00,44,
53,2019-09-07 08:00:00,44,
53,2019-09-07 09:00:00,44,
53,2019-09-07 10:00:00,44,
53,2019-09-07 11:00:00,44,
54,2019-09-09 12:00:00,46,
54,2019-09-09 13:00:00,46,
54,2019-09-09 14:00:00,46,
54,2019-09-09 15:00:00,46,
54,2019-09-09 16:00:00,46,
54,2019-09-09 17:00:00,46,
54,2019-09-09 18:00:00,46,
54,2019-09-09 19:00:00,46,
54,2019-09-09 20:00:00,46,
54,2019-09-09 21:00:00,46,
54,2019-09-09 22:00:00,46,
54,2019-09-09 23:00:00,46,
54,2019-09-10 00:00:00,46,
54,2019-09-10 01:00:00,46,
54,2019-09-10 02:00:00,46,
54,2019-09-10 03:00:00,46,
54,2019-09-10 04:00:00,46,
54,2019-09-10 05:00:00,46,
54,2019-09-10 06:00:00,46,
54,2019-09-10 07:00:00,46,
54,2019-09-10 08:00:00,46,
54,2019-09-10 09:00:00,46,
54,2019-09-10 10:00:00,46,
54,2019-09-10 11:00:00,46,
55,2019-09-12 12:00:00,44,
55,2019-09-12 13:00:00,44,
55,2019-09-12 14:00:00,44,
55,2019-09-12 15:00:00,44,
55,2019-09-12 16:00:00,44,
55,2019-09-12 17:00:00,44,
55,2019-09-12 18:00:00,44,
55,2019-09-12 19:00:00,44,
55,2019-09-12 20:00:00,44,
55,2019-09-12 21:00:00,44,
55,2019-09-12 22:00:00,44,
55,2019-09-12 23:00:00,44,
55,2019-09-13 00:00:00,44,
55,2019-09-13 01:00:00,44,
55,2019-09-13 02:00:00,44,
55,2019-09-13 03:00:00,44,
55,2019-09-13 04:00:00,44,
55,2019-09-13 05:00:00,44,
55,2019-09-13 06:00:00,44,
55,2019-09-13 07:00:00,44,
55,2019-09-13 08:00:00,44,
55,2019-09-13 09:00:00,44,
55,2019-09-13 10:00:00,44,
55,2019-09-13 11:00:00,44,
56,2019-09-15 12:00:00,46,
56,2019-09-15 13:00:00,46,
56,2019-09-15 14:00:00,46,
56,2019-09-15 15:00:00,46,
56,2019-09-15 16:00:00,46,
56,2019-09-15 17:00:00,46,
56,2019-09-15 18:00:00,46,
56,2019-09-15 19:00:00,46,
56,2019-09-15 20:00:00,46,
56,2019-09-15 21:00:00,46,
56,2019-09-15 22:00:00,46,
56,2019-09-15 23:00:00,46,
56,2019-09-16 00:00:00,46,
56,2019-09-16 01:00:00,46,
56,2019-09-16 02:00:00,46,
56,2019-09-16 03:00:00,46,
56,2019-09-16 04:00:00,46,
56,2019-09-16 05:00:00,46,
56,2019-09-16 06:00:00,46,
56,2019-09-16 07:00:00,46,
56,2019-09-16 08:00:00,46,
56,2019-09-16 09:00:00,46,
56,2019-09-16 10:00:00,46,
56,2019-09-16 11:00:00,46,
57,2019-09-18 12:00:00,46,
57,2019-09-18 13:00:00,46,
57,2019-09-18 14:00:00,46,
57,2019-09-18 15:00:00,46,
57,2019-09-18 16:00:00,46,
57,2019-09-18 17:00:00,46,
57,2019-09-18 18:00:00,46,
57,2019-09-18 19:00:00,46,
57,2019-09-18 20:00:00,46,
57,2019-09-18 21:00:00,46,
57,2019-09-18 22:00:00,46,
57,2019-09-18 23:00:00,46,
57,2019-09-19 00:00:00,46,
57,2019-09-19 01:00:00,46,
57,2019-09-19 02:00:00,46,
57,2019-09-19 03:00:00,46,
57,2019-09-19 04:00:00,46,
57,2019-09-19 05:00:00,46,
57,2019-09-19 06:00:00,46,
57,2019-09-19 07:00:00,46,
57,2019-09-19 08:00:00,46,
57,2019-09-19 09:00:00,46,
57,2019-09-19 10:00:00,46,
57,2019-09-19 11:00:00,46,
58,2019-09-21 12:00:00,45,
58,2019-09-21 13:00:00,45,
58,2019-09-21 14:00:00,45,
58,2019-09-21 15:00:00,45,
58,2019-09-21 16:00:00,45,
58,2019-09-21 17:00:00,45,
58,2019-09-21 18:00:00,45,
58,2019-09-21 19:00:00,45,
58,2019-09-21 20:00:00,45,
58,2019-09-21 21:00:00,45,
58,2019-09-21 22:00:00,45,
58,2019-09-21 23:00:00,45,
58,2019-09-22 00:00:00,45,
58,2019-09-22 01:00:00,45,
58,2019-09-22 02:00:00,45,
58,2019-09-22 03:00:00,45,
58,2019-09-22 04:00:00,45,
58,2019-09-22 05:00:00,45,
58,2019-09-22 06:00:00,45,
58,2019-09-22 07:00:00,45,
58,2019-09-22 08:00:00,45,
58,2019-09-22 09:00:00,45,
58,2019-09-22 10:00:00,45,
58,2019-09-22 11:00:00,45,
59,2019-09-24 12:00:00,46,
59,2019-09-24 13:00:00,46,
59,2019-09-24 14:00:00,48,
59,2019-09-24 15:00:00,46,
59,2019-09-24 16:00:00,46,
59,2019-09-24 17:00:00,46,
59,2019-09-24 18:00:00,46,
59,2019-09-24 19:00:00,46,
59,2019-09-24 20:00:00,46,
59,2019-09-24 21:00:00,48,
59,2019-09-24 22:00:00,48,
59,2019-09-24 23:00:00,49,
59,2019-09-25 00:00:00,49,
59,2019-09-25 01:00:00,49,
59,2019-09-25 02:00:00,50,
59,2019-09-25 03:00:00,50,
59,2019-09-25 04:00:00,48,
59,2019-09-25 05:00:00,48,
59,2019-09-25 06:00:00,48,
59,2019-09-25 07:00:00,48,
59,2019-09-25 08:00:00,48,
59,2019-09-25 09:00:00,48,
59,2019-09-25 10:00:00,46,
59,2019-09-25 11:00:00,46,
61,2019-09-27 12:00:00,45,
61,2019-09-27 13:00:00,45,
61,2019-09-27 14:00:00,45,
61,2019-09-27 15:00:00,45,
61,2019-09-27 16:00:00,45,
61,2019-09-27 17:00:00,45,
61,2019-09-27 18:00:00,45,
61,2019-09-27 19:00:00,45,
61,2019-09-27 20:00:00,45,
61,2019-09-27 21:00:00,45,
61,2019-09-27 22:00:00,45,
61,2019-09-27 23:00:00,45,
61,2019-09-28 00:00:00,45,
61,2019-09-28 01:00:00,45,
61,2019-09-28 02:00:00,45,
61,2019-09-28 03:00:00,45,
61,2019-09-28 04:00:00,45,
61,2019-09-28 05:00:00,45,
61,2019-09-28 06:00:00,45,
61,2019-09-28 07:00:00,45,
61,2019-09-28 08:00:00,45,
61,2019-09-28 09:00:00,45,
61,2019-09-28 10:00:00,45,
61,2019-09-28 11:00:00,45,
62,2019-09-30 12:00:00,48,
62,2019-09-30 13:00:00,48,
62,2019-09-30 14:00:00,46,
62,2019-09-30 15:00:00,48,
62,2019-09-30 16:00:00,48,
62,2019-09-30 17:00:00,49,
62,2019-09-30 18:00:00,52,
62,2019-09-30 19:00:00,52,
62,2019-09-30 20:00:00,50,
62,2019-09-30 21:00:00,48,
62,2019-09-30 22:00:00,47,
62,2019-09-30 23:00:00,48,
62,2019-10-01 00:00:00,50,
62,2019-10-01 01:00:00,46,
62,2019-10-01 02:00:00,44,
62,2019-10-01 03:00:00,44,
62,2019-10-01 04:00:00,44,
62,2019-10-01 05:00:00,44,
62,2019-10-01 06:00:00,44,
62,2019-10-01 07:00:00,44,
62,2019-10-01 08:00:00,44,
62,2019-10-01 09:00:00,44,
62,2019-10-01 10:00:00,44,
62,2019-10-01 11:00:00,44,
63,2019-10-03 12:00:00,48,
63,2019-10-03 13:00:00,48,
63,2019-10-03 14:00:00,48,
63,2019-10-03 15:00:00,48,
63,2019-10-03 16:00:00,48,
63,2019-10-03 17:00:00,48,
63,2019-10-03 18:00:00,48,
63,2019-10-03 19:00:00,48,
63,2019-10-03 20:00:00,48,
63,2019-10-03 21:00:00,48,
63,2019-10-03 22:00:00,48,
63,2019-10-03 23:00:00,48,
63,2019-10-04 00:00:00,48,
63,2019-10-04 01:00:00,48,
63,2019-10-04 02:00:00,48,
63,2019-10-04 03:00:00,48,
63,2019-10-04 04:00:00,48,
63,2019-10-04 05:00:00,48,
63,2019-10-04 06:00:00,48,
63,2019-10-04 07:00:00,48,
63,2019-10-04 08:00:00,48,
63,2019-10-04 09:00:00,48,
63,2019-10-04 10:00:00,48,
63,2019-10-04 11:00:00,48,
64,2019-10-06 12:00:00,48,
64,2019-10-06 13:00:00,48,
64,2019-10-06 14:00:00,48,
64,2019-10-06 15:00:00,48,
64,2019-10-06 16:00:00,48,
64,2019-10-06 17:00:00,48,
64,2019-10-06 18:00:00,48,
64,2019-10-06 19:00:00,48,
64,2019-10-06 20:00:00,48,
64,2019-10-06 21:00:00,48,
64,2019-10-06 22:00:00,48,
64,2019-10-06 23:00:00,48,
64,2019-10-07 00:00:00,48,
64,2019-10-07 01:00:00,48,
64,2019-10-07 02:00:00,48,
64,2019-10-07 03:00:00,48,
64,2019-10-07 04:00:00,48,
64,2019-10-07 05:00:00,48,
64,2019-10-07 06:00:00,48,
64,2019-10-07 07:00:00,48,
64,2019-10-07 08:00:00,48,
64,2019-10-07 09:00:00,48,
64,2019-10-07 10:00:00,48,
64,2019-10-07 11:00:00,48,
65,2019-10-09 12:00:00,50,
65,2019-10-09 13:00:00,48,
65,2019-10-09 14:00:00,48,
65,2019-10-09 15:00:00,48,
65,2019-10-09 16:00:00,48,
65,2019-10-09 17:00:00,48,
65,2019-10-09 18:00:00,48,
65,2019-10-09 19:00:00,48,
65,2019-10-09 20:00:00,48,
65,2019-10-09 21:00:00,48,
65,2019-10-09 22:00:00,48,
65,2019-10-09 23:00:00,48,
65,2019-10-10 00:00:00,50,
65,2019-10-10 01:00:00,50,
65,2019-10-10 02:00:00,50,
65,2019-10-10 03:00:00,50,
65,2019-10-10 04:00:00,50,
65,2019-10-10 05:00:00,50,
65,2019-10-10 06:00:00,50,
65,2019-10-10 07:00:00,50,
65,2019-10-10 08:00:00,50,
65,2019-10-10 09:00:00,50,
65,2019-10-10 10:00:00,50,
65,2019-10-10 11:00:00,50,
66,2019-10-15 12:00:00,46,
66,2019-10-15 13:00:00,46,
66,2019-10-15 14:00:00,48,
66,2019-10-15 15:00:00,46,
66,2019-10-15 16:00:00,45,
66,2019-10-15 17:00:00,45,
66,2019-10-15 18:00:00,45,
66,2019-10-15 19:00:00,45,
66,2019-10-15 20:00:00,45,
66,2019-10-15 21:00:00,45,
66,2019-10-15 22:00:00,45,
66,2019-10-15 23:00:00,45,
66,2019-10-16 00:00:00,45,
66,2019-10-16 01:00:00,45,
66,2019-10-16 02:00:00,45,
66,2019-10-16 03:00:00,45,
66,2019-10-16 04:00:00,45,
66,2019-10-16 05:00:00,45,
66,2019-10-16 06:00:00,45,
66,2019-10-16 07:00:00,45,
66,2019-10-16 08:00:00,45,
66,2019-10-16 09:00:00,45,
66,2019-10-16 10:00:00,45,
66,2019-10-16 11:00:00,45,
67,2019-10-18 12:00:00,46,
67,2019-10-18 13:00:00,44,
67,2019-10-18 14:00:00,44,
67,2019-10-18 15:00:00,45,
67,2019-10-18 16:00:00,45,
67,2019-10-18 17:00:00,45,
67,2019-10-18 18:00:00,46,
67,2019-10-18 19:00:00,46,
67,2019-10-18 20:00:00,46,
67,2019-10-18 21:00:00,46,
67,2019-10-18 22:00:00,45,
67,2019-10-18 23:00:00,45,
67,2019-10-19 00:00:00,45,
67,2019-10-19 01:00:00,45,
67,2019-10-19 02:00:00,45,
67,2019-10-19 03:00:00,45,
67,2019-10-19 04:00:00,45,
67,2019-10-19 05:00:00,45,
67,2019-10-19 06:00:00,45,
67,2019-10-19 07:00:00,45,
67,2019-10-19 08:00:00,45,
67,2019-10-19 09:00:00,44,
67,2019-10-19 10:00:00,44,
67,2019-10-19 11:00:00,46,
68,2019-10-21 12:00:00,44,
68,2019-10-21 13:00:00,44,
68,2019-10-21 14:00:00,44,
68,2019-10-21 15:00:00,44,
68,2019-10-21 16:00:00,44,
68,2019-10-21 17:00:00,44,
68,2019-10-21 18:00:00,44,
68,2019-10-21 19:00:00,44,
68,2019-10-21 20:00:00,44,
68,2019-10-21 21:00:00,44,
68,2019-10-21 22:00:00,44,
68,2019-10-21 23:00:00,44,
68,2019-10-22 00:00:00,44,
68,2019-10-22 01:00:00,44,
68,2019-10-22 02:00:00,44,
68,2019-10-22 03:00:00,44,
68,2019-10-22 04:00:00,44,
68,2019-10-22 05:00:00,44,
68,2019-10-22 06:00:00,44,
68,2019-10-22 07:00:00,44,
68,2019-10-22 08:00:00,44,
68,2019-10-22 09:00:00,44,
68,2019-10-22 10:00:00,44,
68,2019-10-22 11:00:00,44,
70,2019-10-24 12:00:00,46,
70,2019-10-24 13:00:00,46,
70,2019-10-24 14:00:00,46,
70,2019-10-24 15:00:00,48,
70,2019-10-24 16:00:00,48,
70,2019-10-24 17:00:00,48,
70,2019-10-24 18:00:00,48,
70,2019-10-24 19:00:00,48,
70,2019-10-24 20:00:00,48,
70,2019-10-24 21:00:00,47,
70,2019-10-24 22:00:00,47,
70,2019-10-24 23:00:00,46,
70,2019-10-25 00:00:00,46,
70,2019-10-25 01:00:00,46,
70,2019-10-25 02:00:00,46,
70,2019-10-25 03:00:00,46,
70,2019-10-25 04:00:00,46,
70,2019-10-25 05:00:00,46,
70,2019-10-25 06:00:00,46,
70,2019-10-25 07:00:00,46,
70,2019-10-25 08:00:00,46,
70,2019-10-25 09:00:00,46,
70,2019-10-25 10:00:00,46,
70,2019-10-25 11:00:00,46,
71,2019-10-27 12:00:00,46,
71,2019-10-27 13:00:00,46,
71,2019-10-27 14:00:00,46,
71,2019-10-27 15:00:00,46,
71,2019-10-27 16:00:00,46,
71,2019-10-27 17:00:00,46,
71,2019-10-27 18:00:00,45,
71,2019-10-27 19:00:00,45,
71,2019-10-27 20:00:00,45,
71,2019-10-27 21:00:00,45,
71,2019-10-27 22:00:00,45,
71,2019-10-27 23:00:00,45,
71,2019-10-28 00:00:00,46,
71,2019-10-28 01:00:00,46,
71,2019-10-28 02:00:00,46,
71,2019-10-28 03:00:00,46,
71,2019-10-28 04:00:00,46,
71,2019-10-28 05:00:00,46,
71,2019-10-28 06:00:00,46,
71,2019-10-28 07:00:00,46,
71,2019-10-28 08:00:00,46,
71,2019-10-28 09:00:00,46,
71,2019-10-28 10:00:00,46,
71,2019-10-28 11:00:00,46,
72,2019-10-30 12:00:00,46,
72,2019-10-30 13:00:00,48,
72,2019-10-30 14:00:00,48,
72,2019-10-30 15:00:00,48,
72,2019-10-30 16:00:00,47,
72,2019-10-30 17:00:00,47,
72,2019-10-30 18:00:00,47,
72,2019-10-30 19:00:00,47,
72,2019-10-30 20:00:00,47,
72,2019-10-30 21:00:00,47,
72,2019-10-30 22:00:00,47,
72,2019-10-30 23:00:00,47,
72,2019-10-31 00:00:00,47,
72,2019-10-31 01:00:00,47,
72,2019-10-31 02:00:00,47,
72,2019-10-31 03:00:00,47,
72,2019-10-31 04:00:00,47,
72,2019-10-31 05:00:00,47,
72,2019-10-31 06:00:00,47,
72,2019-10-31 07:00:00,47,
72,2019-10-31 08:00:00,47,
72,2019-10-31 09:00:00,46,
72,2019-10-31 10:00:00,46,
72,2019-10-31 11:00:00,46,
73,2019-11-02 12:00:00,59,
73,2019-11-02 13:00:00,59,
73,2019-11-02 14:00:00,59,
73,2019-11-02 15:00:00,59,
73,2019-11-02 16:00:00,59,
73,2019-11-02 17:00:00,59,
73,2019-11-02 18:00:00,59,
73,2019-11-02 19:00:00,59,
73,2019-11-02 20:00:00,59,
73,2019-11-02 21:00:00,59,
73,2019-11-02 22:00:00,59,
73,2019-11-02 23:00:00,59,
73,2019-11-03 00:00:00,59,
73,2019-11-03 01:00:00,59,
73,2019-11-03 02:00:00,59,
73,2019-11-03 03:00:00,59,
73,2019-11-03 04:00:00,59,
73,2019-11-03 05:00:00,59,
73,2019-11-03 06:00:00,59,
73,2019-11-03 07:00:00,59,
73,2019-11-03 08:00:00,59,
73,2019-11-03 09:00:00,59,
73,2019-11-03 10:00:00,59,
73,2019-11-03 11:00:00,59,
74,2019-11-05 12:00:00,59,
74,2019-11-05 13:00:00,59,
74,2019-11-05 14:00:00,59,
74,2019-11-05 15:00:00,59,
74,2019-11-05 16:00:00,59,
74,2019-11-05 17:00:00,59,
74,2019-11-05 18:00:00,59,
74,2019-11-05 19:00:00,59,
74,2019-11-05 20:00:00,59,
74,2019-11-05 21:00:00,59,
74,2019-11-05 22:00:00,59,
74,2019-11-05 23:00:00,59,
74,2019-11-06 00:00:00,59,
74,2019-11-06 01:00:00,59,
74,2019-11-06 02:00:00,59,
74,2019-11-06 03:00:00,59,
74,2019-11-06 04:00:00,59,
74,2019-11-06 05:00:00,59,
74,2019-11-06 06:00:00,59,
74,2019-11-06 07:00:00,59,
74,2019-11-06 08:00:00,59,
74,2019-11-06 09:00:00,59,
74,2019-11-06 10:00:00,59,
74,2019-11-06 11:00:00,59,
75,2019-11-08 12:00:00,42,
75,2019-11-08 13:00:00,42,
75,2019-11-08 14:00:00,42,
75,2019-11-08 15:00:00,42,
75,2019-11-08 16:00:00,42,
75,2019-11-08 17:00:00,42,
75,2019-11-08 18:00:00,42,
75,2019-11-08 19:00:00,42,
75,2019-11-08 20:00:00,42,
75,2019-11-08 21:00:00,42,
75,2019-11-08 22:00:00,42,
75,2019-11-08 23:00:00,42,
75,2019-11-09 00:00:00,42,
75,2019-11-09 01:00:00,42,
75,2019-11-09 02:00:00,42,
75,2019-11-09 03:00:00,42,
75,2019-11-09 04:00:00,42,
75,2019-11-09 05:00:00,42,
75,2019-11-09 06:00:00,42,
75,2019-11-09 07:00:00,42,
75,2019-11-09 08:00:00,42,
75,2019-11-09 09:00:00,42,
75,2019-11-09 10:00:00,42,
75,2019-11-09 11:00:00,42,
76,2019-11-11 12:00:00,43,
76,2019-11-11 13:00:00,43,
76,2019-11-11 14:00:00,43,
76,2019-11-11 15:00:00,43,
76,2019-11-11 16:00:00,43,
76,2019-11-11 17:00:00,43,
76,2019-11-11 18:00:00,43,
76,2019-11-11 19:00:00,43,
76,2019-11-11 20:00:00,43,
76,2019-11-11 21:00:00,43,
76,2019-11-11 22:00:00,43,
76,2019-11-11 23:00:00,43,
76,2019-11-12 00:00:00,43,
76,2019-11-12 01:00:00,43,
76,2019-11-12 02:00:00,43,
76,2019-11-12 03:00:00,43,
76,2019-11-12 04:00:00,43,
76,2019-11-12 05:00:00,43,
76,2019-11-12 06:00:00,43,
76,2019-11-12 07:00:00,43,
76,2019-11-12 08:00:00,43,
76,2019-11-12 09:00:00,43,
76,2019-11-12 10:00:00,43,
76,2019-11-12 11:00:00,43,
77,2019-11-14 12:00:00,45,
77,2019-11-14 13:00:00,45,
77,2019-11-14 14:00:00,45,
77,2019-11-14 15:00:00,45,
77,2019-11-14 16:00:00,45,
77,2019-11-14 17:00:00,45,
77,2019-11-14 18:00:00,45,
77,2019-11-14 19:00:00,45,
77,2019-11-14 20:00:00,45,
77,2019-11-14 21:00:00,45,
77,2019-11-14 22:00:00,45,
77,2019-11-14 23:00:00,45,
77,2019-11-15 00:00:00,45,
77,2019-11-15 01:00:00,45,
77,2019-11-15 02:00:00,45,
77,2019-11-15 03:00:00,45,
77,2019-11-15 04:00:00,45,
77,2019-11-15 05:00:00,45,
77,2019-11-15 06:00:00,45,
77,2019-11-15 07:00:00,45,
77,2019-11-15 08:00:00,45,
77,2019-11-15 09:00:00,45,
77,2019-11-15 10:00:00,45,
77,2019-11-15 11:00:00,45,
78,2019-11-17 12:00:00,42,
78,2019-11-17 13:00:00,42,
78,2019-11-17 14:00:00,42,
78,2019-11-17 15:00:00,42,
78,2019-11-17 16:00:00,42,
78,2019-11-17 17:00:00,42,
78,2019-11-17 18:00:00,42,
78,2019-11-17 19:00:00,42,
78,2019-11-17 20:00:00,42,
78,2019-11-17 21:00:00,42,
78,2019-11-17 22:00:00,42,
78,2019-11-17 23:00:00,42,
78,2019-11-18 00:00:00,42,
78,2019-11-18 01:00:00,42,
78,2019-11-18 02:00:00,42,
78,2019-11-18 03:00:00,42,
78,2019-11-18 04:00:00,42,
78,2019-11-18 05:00:00,42,
78,2019-11-18 06:00:00,42,
78,2019-11-18 07:00:00,42,
78,2019-11-18 08:00:00,42,
78,2019-11-18 09:00:00,42,
78,2019-11-18 10:00:00,42,
78,2019-11-18 11:00:00,42,
79,2019-11-20 12:00:00,44,
79,2019-11-20 13:00:00,44,
79,2019-11-20 14:00:00,44,
79,2019-11-20 15:00:00,44,
79,2019-11-20 16:00:00,44,
79,2019-11-20 17:00:00,44,
79,2019-11-20 18:00:00,44,
79,2019-11-20 19:00:00,44,
79,2019-11-20 20:00:00,44,
79,2019-11-20 21:00:00,44,
79,2019-11-20 22:00:00,44,
79,2019-11-20 23:00:00,44,
79,2019-11-21 00:00:00,44,
79,2019-11-21 01:00:00,44,
79,2019-11-21 02:00:00,44,
79,2019-11-21 03:00:00,44,
79,2019-11-21 04:00:00,40,
79,2019-11-21 05:00:00,45,
79,2019-11-21 06:00:00,45,
79,2019-11-21 07:00:00,45,
79,2019-11-21 08:00:00,48,
79,2019-11-21 09:00:00,48,
79,2019-11-21 10:00:00,48,
79,2019-11-21 11:00:00,48,
80,2019-11-23 12:00:00,42,
80,2019-11-23 13:00:00,42,
80,2019-11-23 14:00:00,42,
80,2019-11-23 15:00:00,42,
80,2019-11-23 16:00:00,42,
80,2019-11-23 17:00:00,42,
80,2019-11-23 18:00:00,42,
80,2019-11-23 19:00:00,42,
80,2019-11-23 20:00:00,42,
80,2019-11-23 21:00:00,42,
80,2019-11-23 22:00:00,42,
80,2019-11-23 23:00:00,42,
80,2019-11-24 00:00:00,42,
80,2019-11-24 01:00:00,42,
80,2019-11-24 02:00:00,42,
80,2019-11-24 03:00:00,42,
80,2019-11-24 04:00:00,42,
80,2019-11-24 05:00:00,42,
80,2019-11-24 06:00:00,42,
80,2019-11-24 07:00:00,42,
80,2019-11-24 08:00:00,42,
80,2019-11-24 09:00:00,42,
80,2019-11-24 10:00:00,42,
80,2019-11-24 11:00:00,42,
81,2019-11-26 12:00:00,44,
81,2019-11-26 13:00:00,44,
81,2019-11-26 14:00:00,44,
81,2019-11-26 15:00:00,44,
81,2019-11-26 16:00:00,44,
81,2019-11-26 17:00:00,44,
81,2019-11-26 18:00:00,44,
81,2019-11-26 19:00:00,44,
81,2019-11-26 20:00:00,44,
81,2019-11-26 21:00:00,44,
81,2019-11-26 22:00:00,44,
81,2019-11-26 23:00:00,44,
81,2019-11-27 00:00:00,44,
81,2019-11-27 01:00:00,44,
81,2019-11-27 02:00:00,44,
81,2019-11-27 03:00:00,44,
81,2019-11-27 04:00:00,44,
81,2019-11-27 05:00:00,44,
81,2019-11-27 06:00:00,44,
81,2019-11-27 07:00:00,44,
81,2019-11-27 08:00:00,44,
81,2019-11-27 09:00:00,44,
81,2019-11-27 10:00:00,44,
81,2019-11-27 11:00:00,44,
82,2019-11-29 12:00:00,42,
82,2019-11-29 13:00:00,42,
82,2019-11-29 14:00:00,42,
82,2019-11-29 15:00:00,42,
82,2019-11-29 16:00:00,42,
82,2019-11-29 17:00:00,42,
82,2019-11-29 18:00:00,42,
82,2019-11-29 19:00:00,42,
82,2019-11-29 20:00:00,42,
82,2019-11-29 21:00:00,42,
82,2019-11-29 22:00:00,42,
82,2019-11-29 23:00:00,42,
82,2019-11-30 00:00:00,42,
82,2019-11-30 01:00:00,42,
82,2019-11-30 02:00:00,42,
82,2019-11-30 03:00:00,42,
82,2019-11-30 04:00:00,42,
82,2019-11-30 05:00:00,42,
82,2019-11-30 06:00:00,42,
82,2019-11-30 07:00:00,42,
82,2019-11-30 08:00:00,42,
82,2019-11-30 09:00:00,42,
82,2019-11-30 10:00:00,42,
82,2019-11-30 11:00:00,42,
83,2019-12-02 12:00:00,42,
83,2019-12-02 13:00:00,42,
83,2019-12-02 14:00:00,42,
83,2019-12-02 15:00:00,42,
83,2019-12-02 16:00:00,42,
83,2019-12-02 17:00:00,42,
83,2019-12-02 18:00:00,42,
83,2019-12-02 19:00:00,42,
83,2019-12-02 20:00:00,42,
83,2019-12-02 21:00:00,42,
83,2019-12-02 22:00:00,42,
83,2019-12-02 23:00:00,42,
83,2019-12-03 00:00:00,43,
83,2019-12-03 01:00:00,43,
83,2019-12-03 02:00:00,43,
83,2019-12-03 03:00:00,43,
83,2019-12-03 04:00:00,43,
83,2019-12-03 05:00:00,43,
83,2019-12-03 06:00:00,43,
83,2019-12-03 07:00:00,43,
83,2019-12-03 08:00:00,43,
83,2019-12-03 09:00:00,43,
83,2019-12-03 10:00:00,43,
83,2019-12-03 11:00:00,43,
84,2019-12-05 12:00:00,41,
84,2019-12-05 13:00:00,41,
84,2019-12-05 14:00:00,41,
84,2019-12-05 15:00:00,44,
84,2019-12-05 16:00:00,44,
84,2019-12-05 17:00:00,43,
84,2019-12-05 18:00:00,43,
84,2019-12-05 19:00:00,43,
84,2019-12-05 20:00:00,43,
84,2019-12-05 21:00:00,43,
84,2019-12-05 22:00:00,43,
84,2019-12-05 23:00:00,43,
84,2019-12-06 00:00:00,43,
84,2019-12-06 01:00:00,43,
84,2019-12-06 02:00:00,43,
84,2019-12-06 03:00:00,43,
84,2019-12-06 04:00:00,43,
84,2019-12-06 05:00:00,43,
84,2019-12-06 06:00:00,43,
84,2019-12-06 07:00:00,43,
84,2019-12-06 08:00:00,43,
84,2019-12-06 09:00:00,43,
84,2019-12-06 10:00:00,43,
84,2019-12-06 11:00:00,43,
85,2019-12-08 12:00:00,40,
85,2019-12-08 13:00:00,40,
85,2019-12-08 14:00:00,40,
85,2019-12-08 15:00:00,40,
85,2019-12-08 16:00:00,42,
85,2019-12-08 17:00:00,42,
85,2019-12-08 18:00:00,42,
85,2019-12-08 19:00:00,42,
85,2019-12-08 20:00:00,43,
85,2019-12-08 21:00:00,43,
85,2019-12-08 22:00:00,43,
85,2019-12-08 23:00:00,44,
85,2019-12-09 00:00:00,44,
85,2019-12-09 01:00:00,44,
85,2019-12-09 02:00:00,44,
85,2019-12-09 03:00:00,44,
85,2019-12-09 04:00:00,44,
85,2019-12-09 05:00:00,44,
85,2019-12-09 06:00:00,44,
85,2019-12-09 07:00:00,44,
85,2019-12-09 08:00:00,44,
85,2019-12-09 09:00:00,55,
85,2019-12-09 10:00:00,44,
85,2019-12-09 11:00:00,44,
86,2019-12-11 12:00:00,44,
86,2019-12-11 13:00:00,44,
86,2019-12-11 14:00:00,44,
86,2019-12-11 15:00:00,44,
86,2019-12-11 16:00:00,44,
86,2019-12-11 17:00:00,44,
86,2019-12-11 18:00:00,44,
86,2019-12-11 19:00:00,44,
86,2019-12-11 20:00:00,44,
86,2019-12-11 21:00:00,44,
86,2019-12-11 22:00:00,44,
86,2019-12-11 23:00:00,44,
86,2019-12-12 00:00:00,44,
86,2019-12-12 01:00:00,44,
86,2019-12-12 02:00:00,44,
86,2019-12-12 03:00:00,44,
86,2019-12-12 04:00:00,44,
86,2019-12-12 05:00:00,44,
86,2019-12-12 06:00:00,44,
86,2019-12-12 07:00:00,44,
86,2019-12-12 08:00:00,44,
86,2019-12-12 09:00:00,44,
86,2019-12-12 10:00:00,44,
86,2019-12-12 11:00:00,44,
87,2019-12-14 12:00:00,58,
87,2019-12-14 13:00:00,58,
87,2019-12-14 14:00:00,58,
87,2019-12-14 15:00:00,42,
87,2019-12-14 16:00:00,42,
87,2019-12-14 17:00:00,46,
87,2019-12-14 18:00:00,46,
87,2019-12-14 19:00:00,46,
87,2019-12-14 20:00:00,58,
87,2019-12-14 21:00:00,58,
87,2019-12-14 22:00:00,58,
87,2019-12-14 23:00:00,58,
87,2019-12-15 00:00:00,58,
87,2019-12-15 01:00:00,58,
87,2019-12-15 02:00:00,58,
87,2019-12-15 03:00:00,58,
87,2019-12-15 04:00:00,58,
87,2019-12-15 05:00:00,58,
87,2019-12-15 06:00:00,58,
87,2019-12-15 07:00:00,58,
87,2019-12-15 08:00:00,58,
87,2019-12-15 09:00:00,58,
87,2019-12-15 10:00:00,58,
87,2019-12-15 11:00:00,58,
88,2019-12-17 12:00:00,44,
88,2019-12-17 13:00:00,44,
88,2019-12-17 14:00:00,44,
88,2019-12-17 15:00:00,44,
88,2019-12-17 16:00:00,44,
88,2019-12-17 17:00:00,44,
88,2019-12-17 18:00:00,44,
88,2019-12-17 19:00:00,44,
88,2019-12-17 20:00:00,44,
88,2019-12-17 21:00:00,44,
88,2019-12-17 22:00:00,44,
88,2019-12-17 23:00:00,44,
88,2019-12-18 00:00:00,44,
88,2019-12-18 01:00:00,44,
88,2019-12-18 02:00:00,44,
88,2019-12-18 03:00:00,44,
88,2019-12-18 04:00:00,44,
88,2019-12-18 05:00:00,44,
88,2019-12-18 06:00:00,44,
88,2019-12-18 07:00:00,44,
88,2019-12-18 08:00:00,44,
88,2019-12-18 09:00:00,44,
88,2019-12-18 10:00:00,44,
88,2019-12-18 11:00:00,44,
89,2019-12-20 12:00:00,50,
89,2019-12-20 13:00:00,44,
89,2019-12-20 14:00:00,44,
89,2019-12-20 15:00:00,44,
89,2019-12-20 16:00:00,44,
89,2019-12-20 17:00:00,44,
89,2019-12-20 18:00:00,44,
89,2019-12-20 19:00:00,44,
89,2019-12-20 20:00:00,44,
89,2019-12-20 21:00:00,46,
89,2019-12-20 22:00:00,46,
89,2019-12-20 23:00:00,46,
89,2019-12-21 00:00:00,46,
89,2019-12-21 01:00:00,46,
89,2019-12-21 02:00:00,45,
89,2019-12-21 03:00:00,45,
89,2019-12-21 04:00:00,45,
89,2019-12-21 05:00:00,45,
89,2019-12-21 06:00:00,45,
89,2019-12-21 07:00:00,45,
89,2019-12-21 08:00:00,45,
89,2019-12-21 09:00:00,44,
89,2019-12-21 10:00:00,44,
89,2019-12-21 11:00:00,44,
90,2019-12-23 12:00:00,46,
90,2019-12-23 13:00:00,46,
90,2019-12-23 14:00:00,46,
90,2019-12-23 15:00:00,46,
90,2019-12-23 16:00:00,46,
90,2019-12-23 17:00:00,46,
90,2019-12-23 18:00:00,47,
90,2019-12-23 19:00:00,44,
90,2019-12-23 20:00:00,44,
90,2019-12-23 21:00:00,44,
90,2019-12-23 22:00:00,44,
90,2019-12-23 23:00:00,45,
90,2019-12-24 00:00:00,44,
90,2019-12-24 01:00:00,44,
90,2019-12-24 02:00:00,44,
90,2019-12-24 03:00:00,44,
90,2019-12-24 04:00:00,44,
90,2019-12-24 05:00:00,44,
90,2019-12-24 06:00:00,45,
90,2019-12-24 07:00:00,45,
90,2019-12-24 08:00:00,45,
90,2019-12-24 09:00:00,45,
90,2019-12-24 10:00:00,45,
90,2019-12-24 11:00:00,45,
91,2019-12-26 12:00:00,45,
91,2019-12-26 13:00:00,42,
91,2019-12-26 14:00:00,42,
91,2019-12-26 15:00:00,42,
91,2019-12-26 16:00:00,42,
91,2019-12-26 17:00:00,42,
91,2019-12-26 18:00:00,42,
91,2019-12-26 19:00:00,42,
91,2019-12-26 20:00:00,42,
91,2019-12-26 21:00:00,42,
91,2019-12-26 22:00:00,42,
91,2019-12-26 23:00:00,42,
91,2019-12-27 00:00:00,42,
91,2019-12-27 01:00:00,42,
91,2019-12-27 02:00:00,42,
91,2019-12-27 03:00:00,42,
91,2019-12-27 04:00:00,42,
91,2019-12-27 05:00:00,42,
91,2019-12-27 06:00:00,42,
91,2019-12-27 07:00:00,42,
91,2019-12-27 08:00:00,42,
91,2019-12-27 09:00:00,42,
91,2019-12-27 10:00:00,42,
91,2019-12-27 11:00:00,42,
92,2020-01-01 12:00:00,46,
92,2020-01-01 13:00:00,46,
92,2020-01-01 14:00:00,46,
92,2020-01-01 15:00:00,46,
92,2020-01-01 16:00:00,46,
92,2020-01-01 17:00:00,46,
92,2020-01-01 18:00:00,46,
92,2020-01-01 19:00:00,46,
92,2020-01-01 20:00:00,46,
92,2020-01-01 21:00:00,46,
92,2020-01-01 22:00:00,46,
92,2020-01-01 23:00:00,46,
92,2020-01-02 00:00:00,46,
92,2020-01-02 01:00:00,46,
92,2020-01-02 02:00:00,46,
92,2020-01-02 03:00:00,46,
92,2020-01-02 04:00:00,46,
92,2020-01-02 05:00:00,46,
92,2020-01-02 06:00:00,46,
92,2020-01-02 07:00:00,46,
92,2020-01-02 08:00:00,44,
92,2020-01-02 09:00:00,44,
92,2020-01-02 10:00:00,44,
92,2020-01-02 11:00:00,44,
93,2020-01-04 12:00:00,45,
93,2020-01-04 13:00:00,42,
93,2020-01-04 14:00:00,42,
93,2020-01-04 15:00:00,42,
93,2020-01-04 16:00:00,42,
93,2020-01-04 17:00:00,42,
93,2020-01-04 18:00:00,42,
93,2020-01-04 19:00:00,42,
93,2020-01-04 20:00:00,42,
93,2020-01-04 21:00:00,42,
93,2020-01-04 22:00:00,42,
93,2020-01-04 23:00:00,42,
93,2020-01-05 00:00:00,42,
93,2020-01-05 01:00:00,42,
93,2020-01-05 02:00:00,42,
93,2020-01-05 03:00:00,42,
93,2020-01-05 04:00:00,42,
93,2020-01-05 05:00:00,42,
93,2020-01-05 06:00:00,42,
93,2020-01-05 07:00:00,42,
93,2020-01-05 08:00:00,42,
93,2020-01-05 09:00:00,42,
93,2020-01-05 10:00:00,42,
93,2020-01-05 11:00:00,42,
94,2020-01-07 12:00:00,50,
94,2020-01-07 13:00:00,44,
94,2020-01-07 14:00:00,44,
94,2020-01-07 15:00:00,44,
94,2020-01-07 16:00:00,44,
94,2020-01-07 17:00:00,44,
94,2020-01-07 18:00:00,44,
94,2020-01-07 19:00:00,44,
94,2020-01-07 20:00:00,44,
94,2020-01-07 21:00:00,44,
94,2020-01-07 22:00:00,44,
94,2020-01-07 23:00:00,44,
94,2020-01-08 00:00:00,44,
94,2020-01-08 01:00:00,44,
94,2020-01-08 02:00:00,44,
94,2020-01-08 03:00:00,44,
94,2020-01-08 04:00:00,44,
94,2020-01-08 05:00:00,44,
94,2020-01-08 06:00:00,44,
94,2020-01-08 07:00:00,44,
94,2020-01-08 08:00:00,58,
94,2020-01-08 09:00:00,44,
94,2020-01-08 10:00:00,44,
94,2020-01-08 11:00:00,44,
95,2020-01-10 12:00:00,47,
95,2020-01-10 13:00:00,47,
95,2020-01-10 14:00:00,47,
95,2020-01-10 15:00:00,47,
95,2020-01-10 16:00:00,47,
95,2020-01-10 17:00:00,47,
95,2020-01-10 18:00:00,47,
95,2020-01-10 19:00:00,47,
95,2020-01-10 20:00:00,47,
95,2020-01-10 21:00:00,47,
95,2020-01-10 22:00:00,47,
95,2020-01-10 23:00:00,47,
95,2020-01-11 00:00:00,47,
95,2020-01-11 01:00:00,47,
95,2020-01-11 02:00:00,47,
95,2020-01-11 03:00:00,47,
95,2020-01-11 04:00:00,47,
95,2020-01-11 05:00:00,47,
95,2020-01-11 06:00:00,47,
95,2020-01-11 07:00:00,47,
95,2020-01-11 08:00:00,47,
95,2020-01-11 09:00:00,47,
95,2020-01-11 10:00:00,47,
95,2020-01-11 11:00:00,47,
96,2020-01-13 12:00:00,46,
96,2020-01-13 13:00:00,44,
96,2020-01-13 14:00:00,44,
96,2020-01-13 15:00:00,44,
96,2020-01-13 16:00:00,44,
96,2020-01-13 17:00:00,44,
96,2020-01-13 18:00:00,44,
96,2020-01-13 19:00:00,44,
96,2020-01-13 20:00:00,44,
96,2020-01-13 21:00:00,44,
96,2020-01-13 22:00:00,44,
96,2020-01-13 23:00:00,44,
96,2020-01-14 00:00:00,44,
96,2020-01-14 01:00:00,44,
96,2020-01-14 02:00:00,44,
96,2020-01-14 03:00:00,44,
96,2020-01-14 04:00:00,44,
96,2020-01-14 05:00:00,44,
96,2020-01-14 06:00:00,44,
96,2020-01-14 07:00:00,44,
96,2020-01-14 08:00:00,44,
96,2020-01-14 09:00:00,44,
96,2020-01-14 10:00:00,44,
96,2020-01-14 11:00:00,44,
97,2020-01-16 12:00:00,na,
97,2020-01-16 13:00:00,na,
97,2020-01-16 14:00:00,na,
97,2020-01-16 15:00:00,na,
97,2020-01-16 16:00:00,na,
97,2020-01-16 17:00:00,na,
97,2020-01-16 18:00:00,na,
97,2020-01-16 19:00:00,na,
97,2020-01-16 20:00:00,na,
97,2020-01-16 21:00:00,na,
97,2020-01-16 22:00:00,na,
97,2020-01-16 23:00:00,na,
97,2020-01-17 00:00:00,na,
97,2020-01-17 01:00:00,na,
97,2020-01-17 02:00:00,na,
97,2020-01-17 03:00:00,na,
97,2020-01-17 04:00:00,na,
97,2020-01-17 05:00:00,na,
97,2020-01-17 06:00:00,na,
97,2020-01-17 07:00:00,na,
97,2020-01-17 08:00:00,na,
97,2020-01-17 09:00:00,na,
97,2020-01-17 10:00:00,na,
97,2020-01-17 11:00:00,na,
98,2020-01-19 12:00:00,45,
98,2020-01-19 13:00:00,45,
98,2020-01-19 14:00:00,45,
98,2020-01-19 15:00:00,45,
98,2020-01-19 16:00:00,45,
98,2020-01-19 17:00:00,45,
98,2020-01-19 18:00:00,52,
98,2020-01-19 19:00:00,58,
98,2020-01-19 20:00:00,58,
98,2020-01-19 21:00:00,58,
98,2020-01-19 22:00:00,58,
98,2020-01-19 23:00:00,58,
98,2020-01-20 00:00:00,58,
98,2020-01-20 01:00:00,58,
98,2020-01-20 02:00:00,58,
98,2020-01-20 03:00:00,58,
98,2020-01-20 04:00:00,58,
98,2020-01-20 05:00:00,58,
98,2020-01-20 06:00:00,58,
98,2020-01-20 07:00:00,58,
98,2020-01-20 08:00:00,46,
98,2020-01-20 09:00:00,46,
98,2020-01-20 10:00:00,46,
98,2020-01-20 11:00:00,46,
99,2020-01-21 12:00:00,47,
99,2020-01-21 13:00:00,47,
99,2020-01-21 14:00:00,47,
99,2020-01-21 15:00:00,47,
99,2020-01-21 16:00:00,47,
99,2020-01-21 17:00:00,47,
99,2020-01-21 18:00:00,47,
99,2020-01-21 19:00:00,47,
99,2020-01-21 20:00:00,47,
99,2020-01-21 21:00:00,47,
99,2020-01-21 22:00:00,47,
99,2020-01-21 23:00:00,47,
99,2020-01-22 00:00:00,47,
99,2020-01-22 01:00:00,47,
99,2020-01-22 02:00:00,47,
99,2020-01-22 03:00:00,47,
99,2020-01-22 04:00:00,47,
99,2020-01-22 05:00:00,47,
99,2020-01-22 06:00:00,47,
99,2020-01-22 07:00:00,47,
99,2020-01-22 08:00:00,47,
99,2020-01-22 09:00:00,47,
99,2020-01-22 10:00:00,47,
99,2020-01-22 11:00:00,47,
100,2020-01-22 12:00:00,40,
100,2020-01-22 13:00:00,40,
100,2020-01-22 14:00:00,40,
100,2020-01-22 15:00:00,40,
100,2020-01-22 16:00:00,40,
100,2020-01-22 17:00:00,40,
100,2020-01-22 18:00:00,40,
100,2020-01-22 19:00:00,40,
100,2020-01-22 20:00:00,40,
100,2020-01-22 21:00:00,40,
100,2020-01-22 22:00:00,40,
100,2020-01-22 23:00:00,40,
100,2020-01-23 00:00:00,40,
100,2020-01-23 01:00:00,40,
100,2020-01-23 02:00:00,40,
100,2020-01-23 03:00:00,40,
100,2020-01-23 04:00:00,40,
100,2020-01-23 05:00:00,40,
100,2020-01-23 06:00:00,50,
100,2020-01-23 07:00:00,60,
100,2020-01-23 08:00:00,60,
100,2020-01-23 09:00:00,60,
100,2020-01-23 10:00:00,60,
100,2020-01-23 11:00:00,60,
101,2020-01-25 12:00:00,40,
101,2020-01-25 13:00:00,45,
101,2020-01-25 14:00:00,45,
101,2020-01-25 15:00:00,45,
101,2020-01-25 16:00:00,45,
101,2020-01-25 17:00:00,45,
101,2020-01-25 18:00:00,58,
101,2020-01-25 19:00:00,58,
101,2020-01-25 20:00:00,58,
101,2020-01-25 21:00:00,58,
101,2020-01-25 22:00:00,58,
101,2020-01-25 23:00:00,58,
101,2020-01-26 00:00:00,58,
101,2020-01-26 01:00:00,58,
101,2020-01-26 02:00:00,58,
101,2020-01-26 03:00:00,58,
101,2020-01-26 04:00:00,58,
101,2020-01-26 05:00:00,58,
101,2020-01-26 06:00:00,42,
101,2020-01-26 07:00:00,42,
101,2020-01-26 08:00:00,42,
101,2020-01-26 09:00:00,42,
101,2020-01-26 10:00:00,42,
101,2020-01-26 11:00:00,42,
102,2020-01-28 12:00:00,40,
102,2020-01-28 13:00:00,40,
102,2020-01-28 14:00:00,44,
102,2020-01-28 15:00:00,44,
102,2020-01-28 16:00:00,44,
102,2020-01-28 17:00:00,44,
102,2020-01-28 18:00:00,44,
102,2020-01-28 19:00:00,58,
102,2020-01-28 20:00:00,58,
102,2020-01-28 21:00:00,58,
102,2020-01-28 22:00:00,58,
102,2020-01-28 23:00:00,58,
102,2020-01-29 00:00:00,58,
102,2020-01-29 01:00:00,58,
102,2020-01-29 02:00:00,58,
102,2020-01-29 03:00:00,58,
102,2020-01-29 04:00:00,58,
102,2020-01-29 05:00:00,58,
102,2020-01-29 06:00:00,58,
102,2020-01-29 07:00:00,58,
102,2020-01-29 08:00:00,58,
102,2020-01-29 09:00:00,58,
102,2020-01-29 10:00:00,58,
102,2020-01-29 11:00:00,58,
103,2020-01-31 12:00:00,42,
103,2020-01-31 13:00:00,42,
103,2020-01-31 14:00:00,42,
103,2020-01-31 15:00:00,42,
103,2020-01-31 16:00:00,42,
103,2020-01-31 17:00:00,42,
103,2020-01-31 18:00:00,42,
103,2020-01-31 19:00:00,42,
103,2020-01-31 20:00:00,42,
103,2020-01-31 21:00:00,42,
103,2020-01-31 22:00:00,42,
103,2020-01-31 23:00:00,42,
103,2020-02-01 00:00:00,42,
103,2020-02-01 01:00:00,42,
103,2020-02-01 02:00:00,42,
103,2020-02-01 03:00:00,42,
103,2020-02-01 04:00:00,42,
103,2020-02-01 05:00:00,42,
103,2020-02-01 06:00:00,42,
103,2020-02-01 07:00:00,42,
103,2020-02-01 08:00:00,42,
103,2020-02-01 09:00:00,42,
103,2020-02-01 10:00:00,42,
103,2020-02-01 11:00:00,42,
104,2020-02-03 12:00:00,44,
104,2020-02-03 13:00:00,44,
104,2020-02-03 14:00:00,44,
104,2020-02-03 15:00:00,44,
104,2020-02-03 16:00:00,44,
104,2020-02-03 17:00:00,44,
104,2020-02-03 18:00:00,44,
104,2020-02-03 19:00:00,44,
104,2020-02-03 20:00:00,44,
104,2020-02-03 21:00:00,44,
104,2020-02-03 22:00:00,44,
104,2020-02-03 23:00:00,44,
104,2020-02-04 00:00:00,44,
104,2020-02-04 01:00:00,44,
104,2020-02-04 02:00:00,44,
104,2020-02-04 03:00:00,44,
104,2020-02-04 04:00:00,44,
104,2020-02-04 05:00:00,44,
104,2020-02-04 06:00:00,44,
104,2020-02-04 07:00:00,44,
104,2020-02-04 08:00:00,44,
104,2020-02-04 09:00:00,44,
104,2020-02-04 10:00:00,44,
104,2020-02-04 11:00:00,44,
105,2020-02-06 12:00:00,44,
105,2020-02-06 13:00:00,42,
105,2020-02-06 14:00:00,42,
105,2020-02-06 15:00:00,42,
105,2020-02-06 16:00:00,44,
105,2020-02-06 17:00:00,42,
105,2020-02-06 18:00:00,45,
105,2020-02-06 19:00:00,45,
105,2020-02-06 20:00:00,45,
105,2020-02-06 21:00:00,45,
105,2020-02-06 22:00:00,45,
105,2020-02-06 23:00:00,45,
105,2020-02-07 00:00:00,45,
105,2020-02-07 01:00:00,46,
105,2020-02-07 02:00:00,46,
105,2020-02-07 03:00:00,46,
105,2020-02-07 04:00:00,46,
105,2020-02-07 05:00:00,46,
105,2020-02-07 06:00:00,46,
105,2020-02-07 07:00:00,46,
105,2020-02-07 08:00:00,46,
105,2020-02-07 09:00:00,46,
105,2020-02-07 10:00:00,0,
105,2020-02-07 11:00:00,0,
106,2020-02-09 12:00:00,na,
106,2020-02-09 13:00:00,na,
106,2020-02-09 14:00:00,na,
106,2020-02-09 15:00:00,na,
106,2020-02-09 16:00:00,na,
106,2020-02-09 17:00:00,na,
106,2020-02-09 18:00:00,na,
106,2020-02-09 19:00:00,na,
106,2020-02-09 20:00:00,na,
106,2020-02-09 21:00:00,na,
106,2020-02-09 22:00:00,na,
106,2020-02-09 23:00:00,na,
106,2020-02-10 00:00:00,na,
106,2020-02-10 01:00:00,na,
106,2020-02-10 02:00:00,na,
106,2020-02-10 03:00:00,na,
106,2020-02-10 04:00:00,na,
106,2020-02-10 05:00:00,na,
106,2020-02-10 06:00:00,na,
106,2020-02-10 07:00:00,na,
106,2020-02-10 08:00:00,na,
106,2020-02-10 09:00:00,na,
106,2020-02-10 10:00:00,na,
106,2020-02-10 11:00:00,na,
107,2020-02-12 12:00:00,42,
107,2020-02-12 13:00:00,43,
107,2020-02-12 14:00:00,42,
107,2020-02-12 15:00:00,42,
107,2020-02-12 16:00:00,42,
107,2020-02-12 17:00:00,42,
107,2020-02-12 18:00:00,42,
107,2020-02-12 19:00:00,42,
107,2020-02-12 20:00:00,42,
107,2020-02-12 21:00:00,42,
107,2020-02-12 22:00:00,42,
107,2020-02-12 23:00:00,42,
107,2020-02-13 00:00:00,42,
107,2020-02-13 01:00:00,42,
107,2020-02-13 02:00:00,42,
107,2020-02-13 03:00:00,43,
107,2020-02-13 04:00:00,44,
107,2020-02-13 05:00:00,44,
107,2020-02-13 06:00:00,44,
107,2020-02-13 07:00:00,44,
107,2020-02-13 08:00:00,44,
107,2020-02-13 09:00:00,44,
107,2020-02-13 10:00:00,44,
107,2020-02-13 11:00:00,44,
108,2020-02-15 12:00:00,44,
108,2020-02-15 13:00:00,43,
108,2020-02-15 14:00:00,42,
108,2020-02-15 15:00:00,42,
108,2020-02-15 16:00:00,40,
108,2020-02-15 17:00:00,42,
108,2020-02-15 18:00:00,42,
108,2020-02-15 19:00:00,42,
108,2020-02-15 20:00:00,42,
108,2020-02-15 21:00:00,42,
108,2020-02-15 22:00:00,42,
108,2020-02-15 23:00:00,42,
108,2020-02-16 00:00:00,42,
108,2020-02-16 01:00:00,42,
108,2020-02-16 02:00:00,42,
108,2020-02-16 03:00:00,42,
108,2020-02-16 04:00:00,43,
108,2020-02-16 05:00:00,42,
108,2020-02-16 06:00:00,42,
108,2020-02-16 07:00:00,42,
108,2020-02-16 08:00:00,42,
108,2020-02-16 09:00:00,42,
108,2020-02-16 10:00:00,42,
108,2020-02-16 11:00:00,42,
109,2020-02-18 12:00:00,46,
109,2020-02-18 13:00:00,46,
109,2020-02-18 14:00:00,58,
109,2020-02-18 15:00:00,58,
109,2020-02-18 16:00:00,58,
109,2020-02-18 17:00:00,58,
109,2020-02-18 18:00:00,58,
109,2020-02-18 19:00:00,58,
109,2020-02-18 20:00:00,58,
109,2020-02-18 21:00:00,58,
109,2020-02-18 22:00:00,58,
109,2020-02-18 23:00:00,58,
109,2020-02-19 00:00:00,58,
109,2020-02-19 01:00:00,58,
109,2020-02-19 02:00:00,58,
109,2020-02-19 03:00:00,58,
109,2020-02-19 04:00:00,58,
109,2020-02-19 05:00:00,58,
109,2020-02-19 06:00:00,58,
109,2020-02-19 07:00:00,58,
109,2020-02-19 08:00:00,58,
109,2020-02-19 09:00:00,58,
109,2020-02-19 10:00:00,58,
109,2020-02-19 11:00:00,58,
110,2020-02-21 12:00:00,41,
110,2020-02-21 13:00:00,40,
110,2020-02-21 14:00:00,40,
110,2020-02-21 15:00:00,42,
110,2020-02-21 16:00:00,42,
110,2020-02-21 17:00:00,42,
110,2020-02-21 18:00:00,42,
110,2020-02-21 19:00:00,42,
110,2020-02-21 20:00:00,42,
110,2020-02-21 21:00:00,42,
110,2020-02-21 22:00:00,42,
110,2020-02-21 23:00:00,42,
110,2020-02-22 00:00:00,42,
110,2020-02-22 01:00:00,42,
110,2020-02-22 02:00:00,42,
110,2020-02-22 03:00:00,42,
110,2020-02-22 04:00:00,41,
110,2020-02-22 05:00:00,41,
110,2020-02-22 06:00:00,41,
110,2020-02-22 07:00:00,41,
110,2020-02-22 08:00:00,41,
110,2020-02-22 09:00:00,40,
110,2020-02-22 10:00:00,41,
110,2020-02-22 11:00:00,42,
111,2020-02-24 12:00:00,na,
111,2020-02-24 13:00:00,na,
111,2020-02-24 14:00:00,na,
111,2020-02-24 15:00:00,na,
111,2020-02-24 16:00:00,na,
111,2020-02-24 17:00:00,na,
111,2020-02-24 18:00:00,na,
111,2020-02-24 19:00:00,na,
111,2020-02-24 20:00:00,na,
111,2020-02-24 21:00:00,na,
111,2020-02-24 22:00:00,na,
111,2020-02-24 23:00:00,na,
111,2020-02-25 00:00:00,na,
111,2020-02-25 01:00:00,na,
111,2020-02-25 02:00:00,na,
111,2020-02-25 03:00:00,na,
111,2020-02-25 04:00:00,na,
111,2020-02-25 05:00:00,na,
111,2020-02-25 06:00:00,na,
111,2020-02-25 07:00:00,na,
111,2020-02-25 08:00:00,na,
111,2020-02-25 09:00:00,na,
111,2020-02-25 10:00:00,na,
111,2020-02-25 11:00:00,na,
112,2020-02-27 12:00:00,40,
112,2020-02-27 13:00:00,42,
112,2020-02-27 14:00:00,42,
112,2020-02-27 15:00:00,42,
112,2020-02-27 16:00:00,48,
112,2020-02-27 17:00:00,46,
112,2020-02-27 18:00:00,44,
112,2020-02-27 19:00:00,43,
112,2020-02-27 20:00:00,44,
112,2020-02-27 21:00:00,43,
112,2020-02-27 22:00:00,43,
112,2020-02-27 23:00:00,43,
112,2020-02-28 00:00:00,43,
112,2020-02-28 01:00:00,43,
112,2020-02-28 02:00:00,44,
112,2020-02-28 03:00:00,44,
112,2020-02-28 04:00:00,44,
112,2020-02-28 05:00:00,45,
112,2020-02-28 06:00:00,46,
112,2020-02-28 07:00:00,45,
112,2020-02-28 08:00:00,44,
112,2020-02-28 09:00:00,44,
112,2020-02-28 10:00:00,42,
112,2020-02-28 11:00:00,42,
113,2020-03-01 12:00:00,42,
113,2020-03-01 13:00:00,40,
113,2020-03-01 14:00:00,40,
113,2020-03-01 15:00:00,40,
113,2020-03-01 16:00:00,40,
113,2020-03-01 17:00:00,40,
113,2020-03-01 18:00:00,40,
113,2020-03-01 19:00:00,40,
113,2020-03-01 20:00:00,40,
113,2020-03-01 21:00:00,40,
113,2020-03-01 22:00:00,40,
113,2020-03-01 23:00:00,40,
113,2020-03-02 00:00:00,40,
113,2020-03-02 01:00:00,40,
113,2020-03-02 02:00:00,40,
113,2020-03-02 03:00:00,40,
113,2020-03-02 04:00:00,40,
113,2020-03-02 05:00:00,40,
113,2020-03-02 06:00:00,40,
113,2020-03-02 07:00:00,40,
113,2020-03-02 08:00:00,40,
113,2020-03-02 09:00:00,40,
113,2020-03-02 10:00:00,40,
113,2020-03-02 11:00:00,40,
114,2020-03-04 12:00:00,42,
114,2020-03-04 13:00:00,41,
114,2020-03-04 14:00:00,42,
114,2020-03-04 15:00:00,40,
114,2020-03-04 16:00:00,42,
114,2020-03-04 17:00:00,42,
114,2020-03-04 18:00:00,42,
114,2020-03-04 19:00:00,43,
114,2020-03-04 20:00:00,43,
114,2020-03-04 21:00:00,43,
114,2020-03-04 22:00:00,44,
114,2020-03-04 23:00:00,43,
114,2020-03-05 00:00:00,43,
114,2020-03-05 01:00:00,43,
114,2020-03-05 02:00:00,43,
114,2020-03-05 03:00:00,44,
114,2020-03-05 04:00:00,44,
114,2020-03-05 05:00:00,44,
114,2020-03-05 06:00:00,45,
114,2020-03-05 07:00:00,45,
114,2020-03-05 08:00:00,46,
114,2020-03-05 09:00:00,46,
114,2020-03-05 10:00:00,45,
114,2020-03-05 11:00:00,43,
115,2020-03-07 12:00:00,44,
115,2020-03-07 13:00:00,44,
115,2020-03-07 14:00:00,44,
115,2020-03-07 15:00:00,48,
115,2020-03-07 16:00:00,na,brokenchartrotatingaxe
115,2020-03-07 17:00:00,na,
115,2020-03-07 18:00:00,na,
115,2020-03-07 19:00:00,na,
115,2020-03-07 20:00:00,na,
115,2020-03-07 21:00:00,na,
115,2020-03-07 22:00:00,na,
115,2020-03-07 23:00:00,na,
115,2020-03-08 00:00:00,na,
115,2020-03-08 01:00:00,na,
115,2020-03-08 02:00:00,na,
115,2020-03-08 03:00:00,na,
115,2020-03-08 04:00:00,na,
115,2020-03-08 05:00:00,na,
115,2020-03-08 06:00:00,na,
115,2020-03-08 07:00:00,na,
115,2020-03-08 08:00:00,na,
115,2020-03-08 09:00:00,na,
115,2020-03-08 10:00:00,na,
115,2020-03-08 11:00:00,na,
116,2020-03-10 12:00:00,44,
116,2020-03-10 13:00:00,42,
116,2020-03-10 14:00:00,42,
116,2020-03-10 15:00:00,40,
116,2020-03-10 16:00:00,40,
116,2020-03-10 17:00:00,41,
116,2020-03-10 18:00:00,40,
116,2020-03-10 19:00:00,40,
116,2020-03-10 20:00:00,40,
116,2020-03-10 21:00:00,40,
116,2020-03-10 22:00:00,40,
116,2020-03-10 23:00:00,40,
116,2020-03-11 00:00:00,41,
116,2020-03-11 01:00:00,41,
116,2020-03-11 02:00:00,41,
116,2020-03-11 03:00:00,na,brokenchartrotatingaxe
116,2020-03-11 04:00:00,na,brokenchartrotatingaxe
116,2020-03-11 05:00:00,na,brokenchartrotatingaxe
116,2020-03-11 06:00:00,na,brokenchartrotatingaxe
116,2020-03-11 07:00:00,na,brokenchartrotatingaxe
116,2020-03-11 08:00:00,na,brokenchartrotatingaxe
116,2020-03-11 09:00:00,na,brokenchartrotatingaxe
116,2020-03-11 10:00:00,na,brokenchartrotatingaxe
116,2020-03-11 11:00:00,na,brokenchartrotatingaxe
117,2020-03-13 12:00:00,44,
117,2020-03-13 13:00:00,41,
117,2020-03-13 14:00:00,42,
117,2020-03-13 15:00:00,42,
117,2020-03-13 16:00:00,44,
117,2020-03-13 17:00:00,42,
117,2020-03-13 18:00:00,41,
117,2020-03-13 19:00:00,44,
117,2020-03-13 20:00:00,44,
117,2020-03-13 21:00:00,44,
117,2020-03-13 22:00:00,44,
117,2020-03-13 23:00:00,48,
117,2020-03-14 00:00:00,47,
117,2020-03-14 01:00:00,46,
117,2020-03-14 02:00:00,45,
117,2020-03-14 03:00:00,46,
117,2020-03-14 04:00:00,45,
117,2020-03-14 05:00:00,45,
117,2020-03-14 06:00:00,45,
117,2020-03-14 07:00:00,45,
117,2020-03-14 08:00:00,45,
117,2020-03-14 09:00:00,46,
117,2020-03-14 10:00:00,44,
117,2020-03-14 11:00:00,43,
